timestamp,low,high,close
2010-01-01,41.0,42.0,42.0
2010-01-04,41.0,42.0,42.0
2010-01-05,41.0,42.0,42.0
2010-01-06,41.0,42.0,41.0
2010-01-07,41.0,42.0,41.0
2010-01-08,41.0,42.0,41.0
2010-01-11,41.0,42.0,42.0
2010-01-12,41.0,42.0,42.0
2010-01-13,41.0,41.0,41.0
2010-01-14,41.0,41.0,41.0
2010-01-15,41.0,41.0,41.0
2010-01-18,41.0,41.0,41.0
2010-01-19,41.0,41.0,41.0
2010-01-20,41.0,41.0,41.0
2010-01-21,41.0,41.0,41.0
2010-01-22,41.0,41.0,41.0
2010-01-25,41.0,41.0,41.0
2010-01-26,41.0,41.0,41.0
2010-01-27,41.0,41.0,41.0
2010-01-28,41.0,41.0,41.0
2010-01-29,41.0,41.0,41.0
2010-02-01,41.0,41.0,41.0
2010-02-02,41.0,41.0,41.0
2010-02-03,41.0,41.0,41.0
2010-02-04,41.0,41.0,41.0
2010-02-05,41.0,41.0,41.0
2010-02-08,41.0,41.0,41.0
2010-02-09,41.0,41.0,41.0
2010-02-10,41.0,41.0,41.0
2010-02-11,41.0,41.0,41.0
2010-02-12,41.0,41.0,41.0
2010-02-15,41.0,41.0,41.0
2010-02-16,41.0,41.0,41.0
2010-02-17,41.0,41.0,41.0
2010-02-18,41.0,41.0,41.0
2010-02-19,41.0,41.0,41.0
2010-02-22,41.0,41.0,41.0
2010-02-23,41.0,43.0,41.0
2010-02-24,41.0,41.0,41.0
2010-02-25,41.0,41.0,41.0
2010-02-26,41.0,41.0,41.0
2010-03-01,41.0,41.0,41.0
2010-03-02,41.0,41.0,41.0
2010-03-03,41.0,41.0,41.0
2010-03-04,41.0,41.0,41.0
2010-03-05,41.0,42.0,41.0
2010-03-08,41.0,41.0,41.0
2010-03-09,41.0,41.0,41.0
2010-03-10,41.0,42.0,42.0
2010-03-11,41.0,41.0,41.0
2010-03-12,41.0,42.0,41.0
2010-03-15,41.0,41.0,41.0
2010-03-16,41.0,41.0,41.0
2010-03-17,41.0,42.0,42.0
2010-03-18,41.0,42.0,42.0
2010-03-19,41.0,42.0,41.0
2010-03-22,41.0,41.0,41.0
2010-03-23,41.0,42.0,41.0
2010-03-24,41.0,41.0,41.0
2010-03-25,41.0,41.0,41.0
2010-03-26,41.0,41.0,41.0
2010-03-29,41.0,41.0,41.0
2010-03-30,41.0,41.0,41.0
2010-03-31,41.0,42.0,41.0
2010-04-01,41.0,41.0,41.0
2010-04-02,41.0,41.0,41.0
2010-04-05,41.0,41.0,41.0
2010-04-06,41.0,42.0,41.0
2010-04-07,41.0,41.0,41.0
2010-04-08,41.0,41.0,41.0
2010-04-09,41.0,41.0,41.0
2010-04-12,41.0,44.0,42.0
2010-04-13,41.0,43.0,41.0
2010-04-14,41.0,45.0,43.0
2010-04-15,42.0,47.0,44.0
2010-04-16,43.0,45.0,44.0
2010-04-19,42.0,44.0,43.0
2010-04-20,42.0,44.0,43.0
2010-04-21,42.0,44.0,43.0
2010-04-22,42.0,43.0,43.0
2010-04-23,42.0,46.0,45.0
2010-04-26,44.0,47.0,45.0
2010-04-27,45.0,47.0,46.0
2010-04-28,44.0,47.0,46.0
2010-04-29,44.0,46.0,44.0
2010-04-30,44.0,46.0,44.0
2010-05-03,43.0,45.0,44.0
2010-05-04,43.0,44.0,44.0
2010-05-05,41.0,43.0,41.0
2010-05-06,41.0,42.0,42.0
2010-05-07,41.0,41.0,41.0
2010-05-10,41.0,42.0,42.0
2010-05-11,41.0,42.0,42.0
2010-05-12,41.0,42.0,41.0
2010-05-13,41.0,42.0,41.0
2010-05-14,41.0,42.0,41.0
2010-05-17,41.0,41.0,41.0
2010-05-18,41.0,42.0,42.0
2010-05-19,41.0,41.0,41.0
2010-05-20,41.0,42.0,41.0
2010-05-21,41.0,41.0,41.0
2010-05-24,41.0,41.0,41.0
2010-05-25,41.0,41.0,41.0
2010-05-26,41.0,41.0,41.0
2010-05-27,41.0,41.0,41.0
2010-05-28,41.0,41.0,41.0
2010-05-31,41.0,41.0,41.0
2010-06-01,41.0,41.0,41.0
2010-06-02,41.0,41.0,41.0
2010-06-03,41.0,43.0,42.0
2010-06-04,41.0,45.0,43.0
2010-06-07,41.0,42.0,42.0
2010-06-08,41.0,42.0,42.0
2010-06-09,41.0,42.0,41.0
2010-06-10,41.0,42.0,41.0
2010-06-11,41.0,41.0,41.0
2010-06-14,41.0,41.0,41.0
2010-06-15,41.0,42.0,41.0
2010-06-16,41.0,42.0,41.0
2010-06-17,41.0,42.0,42.0
2010-06-18,41.0,43.0,42.0
2010-06-21,41.0,42.0,41.0
2010-06-22,41.0,42.0,41.0
2010-06-23,41.0,41.0,41.0
2010-06-24,41.0,42.0,42.0
2010-06-25,41.0,41.0,41.0
2010-06-28,41.0,41.0,41.0
2010-06-29,41.0,41.0,41.0
2010-06-30,41.0,41.0,41.0
2010-07-01,41.0,41.0,41.0
2010-07-02,41.0,41.0,41.0
2010-07-05,41.0,41.0,41.0
2010-07-06,41.0,41.0,41.0
2010-07-07,41.0,41.0,41.0
2010-07-08,41.0,41.0,41.0
2010-07-09,41.0,41.0,41.0
2010-07-12,41.0,41.0,41.0
2010-07-13,41.0,41.0,41.0
2010-07-14,41.0,41.0,41.0
2010-07-15,41.0,41.0,41.0
2010-07-16,41.0,41.0,41.0
2010-07-19,41.0,41.0,41.0
2010-07-20,41.0,41.0,41.0
2010-07-21,41.0,41.0,41.0
2010-07-22,41.0,41.0,41.0
2010-07-23,41.0,41.0,41.0
2010-07-26,41.0,41.0,41.0
2010-07-27,41.0,41.0,41.0
2010-07-28,41.0,41.0,41.0
2010-07-29,41.0,42.0,41.0
2010-07-30,41.0,41.0,41.0
2010-08-02,41.0,41.0,41.0
2010-08-03,41.0,41.0,41.0
2010-08-04,41.0,41.0,41.0
2010-08-05,41.0,41.0,41.0
2010-08-06,41.0,41.0,41.0
2010-08-09,41.0,41.0,41.0
2010-08-10,41.0,41.0,41.0
2010-08-11,41.0,41.0,41.0
2010-08-12,41.0,41.0,41.0
2010-08-13,41.0,41.0,41.0
2010-08-16,41.0,41.0,41.0
2010-08-17,41.0,41.0,41.0
2010-08-18,41.0,41.0,41.0
2010-08-19,41.0,41.0,41.0
2010-08-20,41.0,41.0,41.0
2010-08-23,41.0,41.0,41.0
2010-08-24,41.0,41.0,41.0
2010-08-25,41.0,41.0,41.0
2010-08-26,41.0,41.0,41.0
2010-08-27,41.0,41.0,41.0
2010-08-30,41.0,41.0,41.0
2010-08-31,41.0,41.0,41.0
2010-09-01,41.0,41.0,41.0
2010-09-02,41.0,41.0,41.0
2010-09-03,41.0,41.0,41.0
2010-09-06,41.0,41.0,41.0
2010-09-07,41.0,41.0,41.0
2010-09-08,41.0,41.0,41.0
2010-09-09,41.0,41.0,41.0
2010-09-10,41.0,41.0,41.0
2010-09-13,41.0,41.0,41.0
2010-09-14,41.0,41.0,41.0
2010-09-15,41.0,41.0,41.0
2010-09-16,41.0,41.0,41.0
2010-09-17,41.0,41.0,41.0
2010-09-20,41.0,41.0,41.0
2010-09-21,41.0,42.0,41.0
2010-09-22,41.0,43.0,41.0
2010-09-23,41.0,42.0,41.0
2010-09-24,41.0,41.0,41.0
2010-09-27,41.0,41.0,41.0
2010-09-28,41.0,42.0,41.0
2010-09-29,41.0,41.0,41.0
2010-09-30,41.0,41.0,41.0
2010-10-01,41.0,42.0,41.0
2010-10-04,41.0,42.0,41.0
2010-10-05,41.0,42.0,41.0
2010-10-06,41.0,41.0,41.0
2010-10-07,41.0,41.0,41.0
2010-10-08,41.0,41.0,41.0
2010-10-11,41.0,41.0,41.0
2010-10-12,41.0,41.0,41.0
2010-10-13,41.0,41.0,41.0
2010-10-14,41.0,41.0,41.0
2010-10-15,41.0,41.0,41.0
2010-10-18,41.0,41.0,41.0
2010-10-19,41.0,41.0,41.0
2010-10-20,41.0,41.0,41.0
2010-10-21,41.0,41.0,41.0
2010-10-22,41.0,41.0,41.0
2010-10-25,41.0,41.0,41.0
2010-10-26,41.0,41.0,41.0
2010-10-27,41.0,41.0,41.0
2010-10-28,41.0,41.0,41.0
2010-10-29,41.0,41.0,41.0
2010-11-01,41.0,41.0,41.0
2010-11-02,41.0,41.0,41.0
2010-11-03,41.0,41.0,41.0
2010-11-04,41.0,41.0,41.0
2010-11-05,41.0,41.0,41.0
2010-11-08,41.0,41.0,41.0
2010-11-09,41.0,41.0,41.0
2010-11-10,41.0,41.0,41.0
2010-11-11,41.0,41.0,41.0
2010-11-12,41.0,41.0,41.0
2010-11-15,41.0,41.0,41.0
2010-11-16,41.0,41.0,41.0
2010-11-17,41.0,41.0,41.0
2010-11-18,41.0,41.0,41.0
2010-11-19,41.0,41.0,41.0
2010-11-22,41.0,41.0,41.0
2010-11-23,41.0,41.0,41.0
2010-11-24,41.0,41.0,41.0
2010-11-25,41.0,41.0,41.0
2010-11-26,41.0,41.0,41.0
2010-11-29,41.0,41.0,41.0
2010-11-30,41.0,41.0,41.0
2010-12-01,41.0,41.0,41.0
2010-12-02,41.0,41.0,41.0
2010-12-03,41.0,41.0,41.0
2010-12-06,41.0,41.0,41.0
2010-12-07,41.0,41.0,41.0
2010-12-08,41.0,41.0,41.0
2010-12-09,41.0,41.0,41.0
2010-12-10,41.0,41.0,41.0
2010-12-13,41.0,41.0,41.0
2010-12-14,41.0,41.0,41.0
2010-12-15,41.0,41.0,41.0
2010-12-16,41.0,41.0,41.0
2010-12-17,41.0,41.0,41.0
2010-12-20,41.0,41.0,41.0
2010-12-21,41.0,41.0,41.0
2010-12-22,41.0,41.0,41.0
2010-12-23,41.0,41.0,41.0
2010-12-24,41.0,41.0,41.0
2010-12-27,41.0,41.0,41.0
2010-12-28,41.0,41.0,41.0
2010-12-29,41.0,41.0,41.0
2010-12-30,41.0,41.0,41.0
2010-12-31,41.0,41.0,41.0
2011-01-03,41.0,41.0,41.0
2011-01-04,41.0,41.0,41.0
2011-01-05,41.0,41.0,41.0
2011-01-06,41.0,41.0,41.0
2011-01-07,41.0,41.0,41.0
2011-01-10,41.0,41.0,41.0
2011-01-11,41.0,41.0,41.0
2011-01-12,41.0,41.0,41.0
2011-01-13,41.0,41.0,41.0
2011-01-14,41.0,41.0,41.0
2011-01-17,41.0,41.0,41.0
2011-01-18,41.0,41.0,41.0
2011-01-19,41.0,41.0,41.0
2011-01-20,41.0,41.0,41.0
2011-01-21,41.0,41.0,41.0
2011-01-24,41.0,41.0,41.0
2011-01-25,41.0,41.0,41.0
2011-01-26,41.0,41.0,41.0
2011-01-27,41.0,41.0,41.0
2011-01-28,41.0,41.0,41.0
2011-01-31,41.0,41.0,41.0
2011-02-01,41.0,44.0,41.0
2011-02-02,41.0,41.0,41.0
2011-02-03,41.0,41.0,41.0
2011-02-04,41.0,41.0,41.0
2011-02-07,41.0,41.0,41.0
2011-02-08,41.0,41.0,41.0
2011-02-09,41.0,41.0,41.0
2011-02-10,41.0,41.0,41.0
2011-02-11,41.0,41.0,41.0
2011-02-14,41.0,41.0,41.0
2011-02-15,41.0,41.0,41.0
2011-02-16,41.0,41.0,41.0
2011-02-17,41.0,41.0,41.0
2011-02-18,41.0,41.0,41.0
2011-02-21,41.0,41.0,41.0
2011-02-22,41.0,41.0,41.0
2011-02-23,41.0,41.0,41.0
2011-02-24,41.0,41.0,41.0
2011-02-25,41.0,41.0,41.0
2011-02-28,41.0,41.0,41.0
2011-03-01,41.0,41.0,41.0
2011-03-02,41.0,41.0,41.0
2011-03-03,41.0,41.0,41.0
2011-03-04,41.0,41.0,41.0
2011-03-07,41.0,41.0,41.0
2011-03-08,41.0,41.0,41.0
2011-03-09,41.0,41.0,41.0
2011-03-10,41.0,41.0,41.0
2011-03-11,41.0,41.0,41.0
2011-03-14,41.0,41.0,41.0
2011-03-15,41.0,41.0,41.0
2011-03-16,41.0,41.0,41.0
2011-03-17,41.0,41.0,41.0
2011-03-18,41.0,41.0,41.0
2011-03-21,41.0,41.0,41.0
2011-03-22,41.0,41.0,41.0
2011-03-23,41.0,41.0,41.0
2011-03-24,41.0,41.0,41.0
2011-03-25,41.0,41.0,41.0
2011-03-28,41.0,41.0,41.0
2011-03-29,41.0,41.0,41.0
2011-03-30,41.0,41.0,41.0
2011-03-31,41.0,41.0,41.0
2011-04-01,41.0,41.0,41.0
2011-04-04,41.0,41.0,41.0
2011-04-05,41.0,41.0,41.0
2011-04-06,41.0,41.0,41.0
2011-04-07,41.0,41.0,41.0
2011-04-08,41.0,41.0,41.0
2011-04-11,41.0,41.0,41.0
2011-04-12,41.0,41.0,41.0
2011-04-13,41.0,41.0,41.0
2011-04-14,41.0,41.0,41.0
2011-04-15,41.0,41.0,41.0
2011-04-18,41.0,41.0,41.0
2011-04-19,41.0,41.0,41.0
2011-04-20,41.0,41.0,41.0
2011-04-21,41.0,41.0,41.0
2011-04-22,41.0,41.0,41.0
2011-04-25,41.0,41.0,41.0
2011-04-26,41.0,41.0,41.0
2011-04-27,41.0,41.0,41.0
2011-04-28,41.0,41.0,41.0
2011-04-29,41.0,41.0,41.0
2011-05-02,41.0,41.0,41.0
2011-05-03,41.0,41.0,41.0
2011-05-04,41.0,41.0,41.0
2011-05-05,41.0,41.0,41.0
2011-05-06,41.0,41.0,41.0
2011-05-09,41.0,41.0,41.0
2011-05-10,41.0,41.0,41.0
2011-05-11,41.0,41.0,41.0
2011-05-12,41.0,41.0,41.0
2011-05-13,41.0,41.0,41.0
2011-05-16,41.0,41.0,41.0
2011-05-17,41.0,41.0,41.0
2011-05-18,41.0,41.0,41.0
2011-05-19,41.0,41.0,41.0
2011-05-20,41.0,41.0,41.0
2011-05-23,41.0,41.0,41.0
2011-05-24,41.0,41.0,41.0
2011-05-25,41.0,41.0,41.0
2011-05-26,41.0,41.0,41.0
2011-05-27,41.0,41.0,41.0
2011-05-30,41.0,41.0,41.0
2011-05-31,41.0,41.0,41.0
2011-06-01,41.0,41.0,41.0
2011-06-02,41.0,41.0,41.0
2011-06-03,41.0,41.0,41.0
2011-06-06,41.0,41.0,41.0
2011-06-07,41.0,41.0,41.0
2011-06-08,41.0,41.0,41.0
2011-06-09,41.0,41.0,41.0
2011-06-10,41.0,41.0,41.0
2011-06-13,41.0,41.0,41.0
2011-06-14,41.0,41.0,41.0
2011-06-15,41.0,41.0,41.0
2011-06-16,41.0,41.0,41.0
2011-06-17,41.0,41.0,41.0
2011-06-20,41.0,41.0,41.0
2011-06-21,41.0,41.0,41.0
2011-06-22,41.0,41.0,41.0
2011-06-23,41.0,41.0,41.0
2011-06-24,41.0,41.0,41.0
2011-06-27,41.0,41.0,41.0
2011-06-28,41.0,41.0,41.0
2011-06-29,41.0,41.0,41.0
2011-06-30,41.0,41.0,41.0
2011-07-01,41.0,41.0,41.0
2011-07-04,41.0,41.0,41.0
2011-07-05,41.0,41.0,41.0
2011-07-06,41.0,41.0,41.0
2011-07-07,41.0,41.0,41.0
2011-07-08,41.0,41.0,41.0
2011-07-11,41.0,41.0,41.0
2011-07-12,41.0,41.0,41.0
2011-07-13,41.0,41.0,41.0
2011-07-14,41.0,41.0,41.0
2011-07-15,41.0,41.0,41.0
2011-07-18,41.0,41.0,41.0
2011-07-19,41.0,41.0,41.0
2011-07-20,41.0,41.0,41.0
2011-07-21,41.0,41.0,41.0
2011-07-22,41.0,41.0,41.0
2011-07-25,41.0,41.0,41.0
2011-07-26,41.0,41.0,41.0
2011-07-27,41.0,41.0,41.0
2011-07-28,41.0,41.0,41.0
2011-07-29,41.0,41.0,41.0
2011-08-01,41.0,41.0,41.0
2011-08-02,41.0,41.0,41.0
2011-08-03,41.0,41.0,41.0
2011-08-04,41.0,41.0,41.0
2011-08-05,41.0,41.0,41.0
2011-08-08,41.0,41.0,41.0
2011-08-09,41.0,41.0,41.0
2011-08-10,41.0,41.0,41.0
2011-08-11,41.0,41.0,41.0
2011-08-12,41.0,41.0,41.0
2011-08-15,41.0,41.0,41.0
2011-08-16,41.0,41.0,41.0
2011-08-17,41.0,41.0,41.0
2011-08-18,41.0,41.0,41.0
2011-08-19,41.0,41.0,41.0
2011-08-22,41.0,41.0,41.0
2011-08-23,41.0,41.0,41.0
2011-08-24,41.0,41.0,41.0
2011-08-25,41.0,41.0,41.0
2011-08-26,41.0,41.0,41.0
2011-08-29,41.0,41.0,41.0
2011-08-30,41.0,41.0,41.0
2011-08-31,41.0,41.0,41.0
2011-09-01,41.0,41.0,41.0
2011-09-02,41.0,41.0,41.0
2011-09-05,41.0,41.0,41.0
2011-09-06,41.0,41.0,41.0
2011-09-07,41.0,41.0,41.0
2011-09-08,41.0,41.0,41.0
2011-09-09,41.0,41.0,41.0
2011-09-12,41.0,41.0,41.0
2011-09-13,41.0,41.0,41.0
2011-09-14,41.0,41.0,41.0
2011-09-15,41.0,41.0,41.0
2011-09-16,41.0,41.0,41.0
2011-09-19,41.0,41.0,41.0
2011-09-20,41.0,41.0,41.0
2011-09-21,41.0,41.0,41.0
2011-09-22,41.0,41.0,41.0
2011-09-23,41.0,41.0,41.0
2011-09-26,41.0,41.0,41.0
2011-09-27,41.0,41.0,41.0
2011-09-28,41.0,41.0,41.0
2011-09-29,41.0,41.0,41.0
2011-09-30,41.0,41.0,41.0
2011-10-03,41.0,41.0,41.0
2011-10-04,41.0,41.0,41.0
2011-10-05,41.0,41.0,41.0
2011-10-06,41.0,41.0,41.0
2011-10-07,41.0,41.0,41.0
2011-10-10,41.0,41.0,41.0
2011-10-11,41.0,41.0,41.0
2011-10-12,41.0,41.0,41.0
2011-10-13,41.0,41.0,41.0
2011-10-14,41.0,41.0,41.0
2011-10-17,41.0,41.0,41.0
2011-10-18,41.0,41.0,41.0
2011-10-19,41.0,41.0,41.0
2011-10-20,41.0,41.0,41.0
2011-10-21,41.0,41.0,41.0
2011-10-24,41.0,41.0,41.0
2011-10-25,41.0,41.0,41.0
2011-10-26,41.0,41.0,41.0
2011-10-27,41.0,41.0,41.0
2011-10-28,41.0,41.0,41.0
2011-10-31,41.0,41.0,41.0
2011-11-01,41.0,41.0,41.0
2011-11-02,41.0,41.0,41.0
2011-11-03,41.0,41.0,41.0
2011-11-04,41.0,41.0,41.0
2011-11-07,41.0,41.0,41.0
2011-11-08,41.0,41.0,41.0
2011-11-09,41.0,41.0,41.0
2011-11-10,41.0,41.0,41.0
2011-11-11,41.0,41.0,41.0
2011-11-14,41.0,41.0,41.0
2011-11-15,41.0,41.0,41.0
2011-11-16,41.0,41.0,41.0
2011-11-17,41.0,41.0,41.0
2011-11-18,41.0,41.0,41.0
2011-11-21,41.0,41.0,41.0
2011-11-22,41.0,41.0,41.0
2011-11-23,41.0,41.0,41.0
2011-11-24,41.0,41.0,41.0
2011-11-25,41.0,41.0,41.0
2011-11-28,41.0,41.0,41.0
2011-11-29,41.0,41.0,41.0
2011-11-30,41.0,41.0,41.0
2011-12-01,41.0,41.0,41.0
2011-12-02,41.0,41.0,41.0
2011-12-05,41.0,41.0,41.0
2011-12-06,41.0,41.0,41.0
2011-12-07,41.0,41.0,41.0
2011-12-08,41.0,41.0,41.0
2011-12-09,41.0,41.0,41.0
2011-12-12,41.0,41.0,41.0
2011-12-13,41.0,41.0,41.0
2011-12-14,41.0,41.0,41.0
2011-12-15,41.0,41.0,41.0
2011-12-16,41.0,41.0,41.0
2011-12-19,41.0,41.0,41.0
2011-12-20,41.0,41.0,41.0
2011-12-21,41.0,41.0,41.0
2011-12-22,41.0,41.0,41.0
2011-12-23,41.0,41.0,41.0
2011-12-26,41.0,41.0,41.0
2011-12-27,41.0,41.0,41.0
2011-12-28,41.0,41.0,41.0
2011-12-29,41.0,41.0,41.0
2011-12-30,41.0,41.0,41.0
2012-01-02,41.0,41.0,41.0
2012-01-03,41.0,41.0,41.0
2012-01-04,41.0,41.0,41.0
2012-01-05,41.0,41.0,41.0
2012-01-06,41.0,41.0,41.0
2012-01-09,41.0,41.0,41.0
2012-01-10,41.0,41.0,41.0
2012-01-11,41.0,41.0,41.0
2012-01-12,41.0,41.0,41.0
2012-01-13,41.0,41.0,41.0
2012-01-16,41.0,41.0,41.0
2012-01-17,41.0,41.0,41.0
2012-01-18,41.0,41.0,41.0
2012-01-19,41.0,41.0,41.0
2012-01-20,41.0,41.0,41.0
2012-01-23,41.0,41.0,41.0
2012-01-24,41.0,41.0,41.0
2012-01-25,41.0,41.0,41.0
2012-01-26,41.0,41.0,41.0
2012-01-27,41.0,41.0,41.0
2012-01-30,41.0,41.0,41.0
2012-01-31,41.0,41.0,41.0
2012-02-01,41.0,41.0,41.0
2012-02-02,41.0,41.0,41.0
2012-02-03,41.0,41.0,41.0
2012-02-06,41.0,41.0,41.0
2012-02-07,41.0,41.0,41.0
2012-02-08,41.0,41.0,41.0
2012-02-09,41.0,41.0,41.0
2012-02-10,41.0,41.0,41.0
2012-02-13,41.0,41.0,41.0
2012-02-14,41.0,44.0,42.0
2012-02-15,42.0,45.0,43.0
2012-02-16,42.0,52.0,49.0
2012-02-17,43.0,52.0,44.0
2012-02-20,44.0,48.0,47.0
2012-02-21,46.0,49.0,47.0
2012-02-22,44.0,47.0,45.0
2012-02-23,43.0,45.0,45.0
2012-02-24,41.0,44.0,43.0
2012-02-27,41.0,43.0,43.0
2012-02-28,41.0,43.0,41.0
2012-02-29,41.0,42.0,41.0
2012-03-01,41.0,41.0,41.0
2012-03-02,41.0,41.0,41.0
2012-03-05,41.0,41.0,41.0
2012-03-06,41.0,41.0,41.0
2012-03-07,41.0,42.0,42.0
2012-03-08,41.0,42.0,41.0
2012-03-09,41.0,42.0,42.0
2012-03-12,41.0,41.0,41.0
2012-03-13,41.0,41.0,41.0
2012-03-14,41.0,41.0,41.0
2012-03-15,41.0,41.0,41.0
2012-03-16,41.0,41.0,41.0
2012-03-19,41.0,41.0,41.0
2012-03-20,41.0,41.0,41.0
2012-03-21,41.0,41.0,41.0
2012-03-22,41.0,41.0,41.0
2012-03-23,41.0,41.0,41.0
2012-03-26,41.0,41.0,41.0
2012-03-27,41.0,41.0,41.0
2012-03-28,41.0,41.0,41.0
2012-03-29,41.0,41.0,41.0
2012-03-30,41.0,41.0,41.0
2012-04-02,41.0,41.0,41.0
2012-04-03,41.0,41.0,41.0
2012-04-04,41.0,41.0,41.0
2012-04-05,41.0,41.0,41.0
2012-04-06,41.0,41.0,41.0
2012-04-09,41.0,41.0,41.0
2012-04-10,41.0,41.0,41.0
2012-04-11,41.0,43.0,41.0
2012-04-12,41.0,41.0,41.0
2012-04-13,41.0,41.0,41.0
2012-04-16,41.0,41.0,41.0
2012-04-17,41.0,41.0,41.0
2012-04-18,41.0,41.0,41.0
2012-04-19,41.0,41.0,41.0
2012-04-20,41.0,41.0,41.0
2012-04-23,41.0,41.0,41.0
2012-04-24,41.0,46.0,43.0
2012-04-25,44.0,47.0,46.0
2012-04-26,45.0,48.0,47.0
2012-04-27,44.0,47.0,45.0
2012-04-30,43.0,45.0,43.0
2012-05-01,42.0,45.0,42.0
2012-05-02,42.0,45.0,42.0
2012-05-03,42.0,43.0,42.0
2012-05-04,41.0,43.0,42.0
2012-05-07,41.0,43.0,42.0
2012-05-08,41.0,43.0,41.0
2012-05-09,41.0,42.0,42.0
2012-05-10,41.0,41.0,41.0
2012-05-11,41.0,41.0,41.0
2012-05-14,41.0,41.0,41.0
2012-05-15,41.0,41.0,41.0
2012-05-16,41.0,41.0,41.0
2012-05-17,41.0,41.0,41.0
2012-05-18,41.0,41.0,41.0
2012-05-21,41.0,41.0,41.0
2012-05-22,41.0,41.0,41.0
2012-05-23,41.0,41.0,41.0
2012-05-24,41.0,41.0,41.0
2012-05-25,41.0,41.0,41.0
2012-05-28,41.0,41.0,41.0
2012-05-29,41.0,41.0,41.0
2012-05-30,41.0,41.0,41.0
2012-05-31,41.0,41.0,41.0
2012-06-01,41.0,41.0,41.0
2012-06-04,41.0,41.0,41.0
2012-06-05,41.0,41.0,41.0
2012-06-06,41.0,41.0,41.0
2012-06-07,41.0,41.0,41.0
2012-06-08,41.0,41.0,41.0
2012-06-11,41.0,41.0,41.0
2012-06-12,41.0,41.0,41.0
2012-06-13,41.0,41.0,41.0
2012-06-14,41.0,41.0,41.0
2012-06-15,41.0,41.0,41.0
2012-06-18,41.0,41.0,41.0
2012-06-19,41.0,41.0,41.0
2012-06-20,41.0,41.0,41.0
2012-06-21,41.0,41.0,41.0
2012-06-22,41.0,41.0,41.0
2012-06-25,41.0,41.0,41.0
2012-06-26,41.0,41.0,41.0
2012-06-27,41.0,41.0,41.0
2012-06-28,41.0,41.0,41.0
2012-06-29,41.0,41.0,41.0
2012-07-02,41.0,41.0,41.0
2012-07-03,41.0,41.0,41.0
2012-07-04,41.0,41.0,41.0
2012-07-05,41.0,41.0,41.0
2012-07-06,41.0,41.0,41.0
2012-07-09,41.0,41.0,41.0
2012-07-10,41.0,41.0,41.0
2012-07-11,41.0,41.0,41.0
2012-07-12,41.0,41.0,41.0
2012-07-13,41.0,41.0,41.0
2012-07-16,41.0,41.0,41.0
2012-07-17,41.0,41.0,41.0
2012-07-18,41.0,41.0,41.0
2012-07-19,41.0,41.0,41.0
2012-07-20,41.0,41.0,41.0
2012-07-23,41.0,41.0,41.0
2012-07-24,41.0,41.0,41.0
2012-07-25,41.0,41.0,41.0
2012-07-26,41.0,41.0,41.0
2012-07-27,41.0,41.0,41.0
2012-07-30,41.0,41.0,41.0
2012-07-31,41.0,41.0,41.0
2012-08-01,41.0,41.0,41.0
2012-08-02,41.0,41.0,41.0
2012-08-03,41.0,41.0,41.0
2012-08-06,41.0,41.0,41.0
2012-08-07,41.0,41.0,41.0
2012-08-08,41.0,41.0,41.0
2012-08-09,41.0,41.0,41.0
2012-08-10,41.0,41.0,41.0
2012-08-13,41.0,41.0,41.0
2012-08-14,41.0,41.0,41.0
2012-08-15,41.0,41.0,41.0
2012-08-16,41.0,41.0,41.0
2012-08-17,41.0,41.0,41.0
2012-08-20,41.0,41.0,41.0
2012-08-21,41.0,41.0,41.0
2012-08-22,41.0,41.0,41.0
2012-08-23,41.0,41.0,41.0
2012-08-24,41.0,41.0,41.0
2012-08-27,41.0,45.0,41.0
2012-08-28,41.0,41.0,41.0
2012-08-29,41.0,41.0,41.0
2012-08-30,41.0,41.0,41.0
2012-08-31,41.0,41.0,41.0
2012-09-03,41.0,41.0,41.0
2012-09-04,41.0,41.0,41.0
2012-09-05,41.0,41.0,41.0
2012-09-06,41.0,41.0,41.0
2012-09-07,41.0,41.0,41.0
2012-09-10,41.0,41.0,41.0
2012-09-11,41.0,41.0,41.0
2012-09-12,41.0,41.0,41.0
2012-09-13,41.0,41.0,41.0
2012-09-14,41.0,41.0,41.0
2012-09-17,41.0,41.0,41.0
2012-09-18,41.0,41.0,41.0
2012-09-19,41.0,41.0,41.0
2012-09-20,41.0,41.0,41.0
2012-09-21,41.0,41.0,41.0
2012-09-24,41.0,41.0,41.0
2012-09-25,41.0,41.0,41.0
2012-09-26,41.0,41.0,41.0
2012-09-27,41.0,41.0,41.0
2012-09-28,41.0,41.0,41.0
2012-10-01,41.0,41.0,41.0
2012-10-02,41.0,41.0,41.0
2012-10-03,41.0,41.0,41.0
2012-10-04,41.0,41.0,41.0
2012-10-05,41.0,41.0,41.0
2012-10-08,41.0,41.0,41.0
2012-10-09,41.0,41.0,41.0
2012-10-10,41.0,41.0,41.0
2012-10-11,41.0,41.0,41.0
2012-10-12,41.0,41.0,41.0
2012-10-15,41.0,41.0,41.0
2012-10-16,41.0,41.0,41.0
2012-10-17,41.0,41.0,41.0
2012-10-18,41.0,41.0,41.0
2012-10-19,41.0,41.0,41.0
2012-10-22,41.0,41.0,41.0
2012-10-23,41.0,41.0,41.0
2012-10-24,41.0,41.0,41.0
2012-10-25,41.0,41.0,41.0
2012-10-26,41.0,41.0,41.0
2012-10-29,41.0,41.0,41.0
2012-10-30,41.0,41.0,41.0
2012-10-31,41.0,41.0,41.0
2012-11-01,41.0,41.0,41.0
2012-11-02,41.0,41.0,41.0
2012-11-05,41.0,41.0,41.0
2012-11-06,41.0,41.0,41.0
2012-11-07,41.0,41.0,41.0
2012-11-08,41.0,41.0,41.0
2012-11-09,41.0,41.0,41.0
2012-11-12,41.0,41.0,41.0
2012-11-13,41.0,41.0,41.0
2012-11-14,41.0,41.0,41.0
2012-11-15,41.0,41.0,41.0
2012-11-16,41.0,41.0,41.0
2012-11-19,41.0,41.0,41.0
2012-11-20,41.0,41.0,41.0
2012-11-21,41.0,41.0,41.0
2012-11-22,41.0,41.0,41.0
2012-11-23,41.0,41.0,41.0
2012-11-26,41.0,41.0,41.0
2012-11-27,41.0,41.0,41.0
2012-11-28,41.0,41.0,41.0
2012-11-29,41.0,41.0,41.0
2012-11-30,41.0,41.0,41.0
2012-12-03,41.0,41.0,41.0
2012-12-04,41.0,41.0,41.0
2012-12-05,41.0,41.0,41.0
2012-12-06,41.0,41.0,41.0
2012-12-07,41.0,41.0,41.0
2012-12-10,41.0,41.0,41.0
2012-12-11,41.0,41.0,41.0
2012-12-12,41.0,41.0,41.0
2012-12-13,41.0,41.0,41.0
2012-12-14,41.0,41.0,41.0
2012-12-17,41.0,41.0,41.0
2012-12-18,41.0,41.0,41.0
2012-12-19,41.0,41.0,41.0
2012-12-20,41.0,41.0,41.0
2012-12-21,41.0,41.0,41.0
2012-12-24,41.0,41.0,41.0
2012-12-25,41.0,41.0,41.0
2012-12-26,41.0,41.0,41.0
2012-12-27,41.0,41.0,41.0
2012-12-28,41.0,41.0,41.0
2012-12-31,41.0,41.0,41.0
2013-01-01,41.0,41.0,41.0
2013-01-02,41.0,41.0,41.0
2013-01-03,41.0,41.0,41.0
2013-01-04,41.0,41.0,41.0
2013-01-07,41.0,41.0,41.0
2013-01-08,41.0,41.0,41.0
2013-01-09,41.0,41.0,41.0
2013-01-10,41.0,41.0,41.0
2013-01-11,41.0,41.0,41.0
2013-01-14,41.0,41.0,41.0
2013-01-15,41.0,41.0,41.0
2013-01-16,41.0,41.0,41.0
2013-01-17,41.0,41.0,41.0
2013-01-18,41.0,41.0,41.0
2013-01-21,41.0,41.0,41.0
2013-01-22,41.0,41.0,41.0
2013-01-23,41.0,41.0,41.0
2013-01-24,41.0,41.0,41.0
2013-01-25,41.0,41.0,41.0
2013-01-28,41.0,41.0,41.0
2013-01-29,41.0,41.0,41.0
2013-01-30,41.0,41.0,41.0
2013-01-31,41.0,41.0,41.0
2013-02-01,41.0,41.0,41.0
2013-02-04,41.0,41.0,41.0
2013-02-05,41.0,41.0,41.0
2013-02-06,41.0,41.0,41.0
2013-02-07,41.0,41.0,41.0
2013-02-08,41.0,41.0,41.0
2013-02-11,41.0,41.0,41.0
2013-02-12,41.0,41.0,41.0
2013-02-13,41.0,41.0,41.0
2013-02-14,41.0,41.0,41.0
2013-02-15,41.0,41.0,41.0
2013-02-18,41.0,41.0,41.0
2013-02-19,41.0,41.0,41.0
2013-02-20,41.0,41.0,41.0
2013-02-21,41.0,41.0,41.0
2013-02-22,41.0,41.0,41.0
2013-02-25,41.0,41.0,41.0
2013-02-26,41.0,41.0,41.0
2013-02-27,41.0,41.0,41.0
2013-02-28,41.0,41.0,41.0
2013-03-01,41.0,41.0,41.0
2013-03-04,41.0,41.0,41.0
2013-03-05,41.0,41.0,41.0
2013-03-06,41.0,41.0,41.0
2013-03-07,41.0,41.0,41.0
2013-03-08,41.0,41.0,41.0
2013-03-11,41.0,43.0,42.0
2013-03-12,41.0,43.0,42.0
2013-03-13,41.0,43.0,41.0
2013-03-14,41.0,44.0,42.0
2013-03-15,41.0,42.0,42.0
2013-03-18,41.0,42.0,41.0
2013-03-19,41.0,41.0,41.0
2013-03-20,41.0,41.0,41.0
2013-03-21,41.0,41.0,41.0
2013-03-22,41.0,41.0,41.0
2013-03-25,41.0,41.0,41.0
2013-03-26,41.0,41.0,41.0
2013-03-27,41.0,41.0,41.0
2013-03-28,41.0,41.0,41.0
2013-03-29,41.0,41.0,41.0
2013-04-01,41.0,41.0,41.0
2013-04-02,41.0,42.0,41.0
2013-04-03,41.0,41.0,41.0
2013-04-04,41.0,41.0,41.0
2013-04-05,41.0,41.0,41.0
2013-04-08,41.0,41.0,41.0
2013-04-09,41.0,41.0,41.0
2013-04-10,41.0,41.0,41.0
2013-04-11,41.0,42.0,41.0
2013-04-12,41.0,41.0,41.0
2013-04-15,41.0,41.0,41.0
2013-04-16,41.0,41.0,41.0
2013-04-17,41.0,41.0,41.0
2013-04-18,41.0,41.0,41.0
2013-04-19,41.0,41.0,41.0
2013-04-22,41.0,41.0,41.0
2013-04-23,41.0,41.0,41.0
2013-04-24,41.0,41.0,41.0
2013-04-25,41.0,41.0,41.0
2013-04-26,41.0,41.0,41.0
2013-04-29,41.0,41.0,41.0
2013-04-30,41.0,41.0,41.0
2013-05-01,41.0,41.0,41.0
2013-05-02,41.0,41.0,41.0
2013-05-03,41.0,41.0,41.0
2013-05-06,41.0,41.0,41.0
2013-05-07,41.0,41.0,41.0
2013-05-08,41.0,41.0,41.0
2013-05-09,41.0,41.0,41.0
2013-05-10,41.0,41.0,41.0
2013-05-13,41.0,41.0,41.0
2013-05-14,41.0,41.0,41.0
2013-05-15,41.0,41.0,41.0
2013-05-16,41.0,41.0,41.0
2013-05-17,41.0,41.0,41.0
2013-05-20,41.0,41.0,41.0
2013-05-21,41.0,41.0,41.0
2013-05-22,41.0,41.0,41.0
2013-05-23,41.0,41.0,41.0
2013-05-24,41.0,41.0,41.0
2013-05-27,41.0,41.0,41.0
2013-05-28,41.0,41.0,41.0
2013-05-29,41.0,41.0,41.0
2013-05-30,41.0,41.0,41.0
2013-05-31,41.0,41.0,41.0
2013-06-03,41.0,41.0,41.0
2013-06-04,41.0,41.0,41.0
2013-06-05,41.0,41.0,41.0
2013-06-06,41.0,41.0,41.0
2013-06-07,41.0,41.0,41.0
2013-06-10,41.0,41.0,41.0
2013-06-11,41.0,41.0,41.0
2013-06-12,41.0,41.0,41.0
2013-06-13,41.0,41.0,41.0
2013-06-14,41.0,41.0,41.0
2013-06-17,41.0,41.0,41.0
2013-06-18,41.0,41.0,41.0
2013-06-19,41.0,41.0,41.0
2013-06-20,41.0,41.0,41.0
2013-06-21,41.0,41.0,41.0
2013-06-24,41.0,41.0,41.0
2013-06-25,41.0,41.0,41.0
2013-06-26,41.0,41.0,41.0
2013-06-27,41.0,41.0,41.0
2013-06-28,41.0,41.0,41.0
2013-07-01,41.0,41.0,41.0
2013-07-02,41.0,41.0,41.0
2013-07-03,41.0,41.0,41.0
2013-07-04,41.0,41.0,41.0
2013-07-05,41.0,41.0,41.0
2013-07-08,41.0,41.0,41.0
2013-07-09,41.0,41.0,41.0
2013-07-10,41.0,41.0,41.0
2013-07-11,41.0,41.0,41.0
2013-07-12,41.0,41.0,41.0
2013-07-15,41.0,41.0,41.0
2013-07-16,41.0,41.0,41.0
2013-07-17,41.0,41.0,41.0
2013-07-18,41.0,41.0,41.0
2013-07-19,41.0,41.0,41.0
2013-07-22,41.0,41.0,41.0
2013-07-23,41.0,41.0,41.0
2013-07-24,41.0,41.0,41.0
2013-07-25,41.0,41.0,41.0
2013-07-26,41.0,41.0,41.0
2013-07-29,41.0,41.0,41.0
2013-07-30,41.0,41.0,41.0
2013-07-31,41.0,41.0,41.0
2013-08-01,41.0,41.0,41.0
2013-08-02,41.0,41.0,41.0
2013-08-05,41.0,41.0,41.0
2013-08-06,41.0,41.0,41.0
2013-08-07,41.0,41.0,41.0
2013-08-08,41.0,41.0,41.0
2013-08-09,41.0,41.0,41.0
2013-08-12,41.0,41.0,41.0
2013-08-13,41.0,41.0,41.0
2013-08-14,41.0,41.0,41.0
2013-08-15,41.0,41.0,41.0
2013-08-16,41.0,41.0,41.0
2013-08-19,41.0,41.0,41.0
2013-08-20,41.0,41.0,41.0
2013-08-21,41.0,41.0,41.0
2013-08-22,41.0,41.0,41.0
2013-08-23,41.0,41.0,41.0
2013-08-26,41.0,41.0,41.0
2013-08-27,41.0,41.0,41.0
2013-08-28,41.0,41.0,41.0
2013-08-29,41.0,41.0,41.0
2013-08-30,41.0,41.0,41.0
2013-09-02,41.0,41.0,41.0
2013-09-03,41.0,41.0,41.0
2013-09-04,41.0,41.0,41.0
2013-09-05,41.0,41.0,41.0
2013-09-06,41.0,41.0,41.0
2013-09-09,41.0,41.0,41.0
2013-09-10,41.0,41.0,41.0
2013-09-11,41.0,41.0,41.0
2013-09-12,41.0,41.0,41.0
2013-09-13,41.0,41.0,41.0
2013-09-16,41.0,41.0,41.0
2013-09-17,41.0,41.0,41.0
2013-09-18,41.0,41.0,41.0
2013-09-19,41.0,41.0,41.0
2013-09-20,41.0,41.0,41.0
2013-09-23,41.0,41.0,41.0
2013-09-24,41.0,41.0,41.0
2013-09-25,41.0,41.0,41.0
2013-09-26,41.0,41.0,41.0
2013-09-27,41.0,41.0,41.0
2013-09-30,41.0,41.0,41.0
2013-10-01,41.0,41.0,41.0
2013-10-02,41.0,41.0,41.0
2013-10-03,41.0,41.0,41.0
2013-10-04,41.0,41.0,41.0
2013-10-07,41.0,41.0,41.0
2013-10-08,41.0,41.0,41.0
2013-10-09,41.0,41.0,41.0
2013-10-10,41.0,41.0,41.0
2013-10-11,41.0,41.0,41.0
2013-10-14,41.0,41.0,41.0
2013-10-15,41.0,41.0,41.0
2013-10-16,41.0,41.0,41.0
2013-10-17,41.0,41.0,41.0
2013-10-18,41.0,41.0,41.0
2013-10-21,41.0,41.0,41.0
2013-10-22,41.0,41.0,41.0
2013-10-23,41.0,41.0,41.0
2013-10-24,41.0,41.0,41.0
2013-10-25,41.0,41.0,41.0
2013-10-28,41.0,41.0,41.0
2013-10-29,41.0,41.0,41.0
2013-10-30,41.0,41.0,41.0
2013-10-31,41.0,41.0,41.0
2013-11-01,41.0,41.0,41.0
2013-11-04,41.0,41.0,41.0
2013-11-05,41.0,41.0,41.0
2013-11-06,41.0,41.0,41.0
2013-11-07,41.0,41.0,41.0
2013-11-08,41.0,41.0,41.0
2013-11-11,41.0,41.0,41.0
2013-11-12,41.0,41.0,41.0
2013-11-13,41.0,41.0,41.0
2013-11-14,41.0,41.0,41.0
2013-11-15,41.0,41.0,41.0
2013-11-18,41.0,41.0,41.0
2013-11-19,41.0,41.0,41.0
2013-11-20,41.0,41.0,41.0
2013-11-21,41.0,41.0,41.0
2013-11-22,41.0,41.0,41.0
2013-11-25,41.0,41.0,41.0
2013-11-26,41.0,41.0,41.0
2013-11-27,41.0,41.0,41.0
2013-11-28,41.0,41.0,41.0
2013-11-29,41.0,41.0,41.0
2013-12-02,41.0,41.0,41.0
2013-12-03,41.0,41.0,41.0
2013-12-04,41.0,41.0,41.0
2013-12-05,41.0,41.0,41.0
2013-12-06,41.0,41.0,41.0
2013-12-09,41.0,41.0,41.0
2013-12-10,41.0,41.0,41.0
2013-12-11,41.0,41.0,41.0
2013-12-12,41.0,41.0,41.0
2013-12-13,41.0,41.0,41.0
2013-12-16,41.0,41.0,41.0
2013-12-17,41.0,41.0,41.0
2013-12-18,41.0,41.0,41.0
2013-12-19,41.0,41.0,41.0
2013-12-20,41.0,41.0,41.0
2013-12-23,41.0,41.0,41.0
2013-12-24,41.0,41.0,41.0
2013-12-25,41.0,41.0,41.0
2013-12-26,41.0,41.0,41.0
2013-12-27,41.0,41.0,41.0
2013-12-30,41.0,41.0,41.0
2013-12-31,41.0,41.0,41.0
2014-01-01,41.0,41.0,41.0
2014-01-02,41.0,41.0,41.0
2014-01-03,41.0,41.0,41.0
2014-01-06,41.0,41.0,41.0
2014-01-07,41.0,41.0,41.0
2014-01-08,41.0,41.0,41.0
2014-01-09,41.0,41.0,41.0
2014-01-10,41.0,41.0,41.0
2014-01-13,41.0,41.0,41.0
2014-01-14,41.0,41.0,41.0
2014-01-15,41.0,41.0,41.0
2014-01-16,41.0,41.0,41.0
2014-01-17,41.0,41.0,41.0
2014-01-20,41.0,41.0,41.0
2014-01-21,41.0,41.0,41.0
2014-01-22,41.0,41.0,41.0
2014-01-23,41.0,41.0,41.0
2014-01-24,41.0,41.0,41.0
2014-01-27,41.0,41.0,41.0
2014-01-28,41.0,41.0,41.0
2014-01-29,41.0,41.0,41.0
2014-01-30,41.0,41.0,41.0
2014-01-31,41.0,41.0,41.0
2014-02-03,41.0,41.0,41.0
2014-02-04,41.0,41.0,41.0
2014-02-05,41.0,41.0,41.0
2014-02-06,41.0,41.0,41.0
2014-02-07,41.0,41.0,41.0
2014-02-10,41.0,41.0,41.0
2014-02-11,41.0,41.0,41.0
2014-02-12,41.0,41.0,41.0
2014-02-13,41.0,41.0,41.0
2014-02-14,41.0,41.0,41.0
2014-02-17,41.0,41.0,41.0
2014-02-18,41.0,41.0,41.0
2014-02-19,41.0,41.0,41.0
2014-02-20,41.0,41.0,41.0
2014-02-21,41.0,41.0,41.0
2014-02-24,41.0,41.0,41.0
2014-02-25,41.0,41.0,41.0
2014-02-26,41.0,41.0,41.0
2014-02-27,41.0,41.0,41.0
2014-02-28,41.0,41.0,41.0
2014-03-03,41.0,41.0,41.0
2014-03-04,41.0,41.0,41.0
2014-03-05,41.0,41.0,41.0
2014-03-06,41.0,41.0,41.0
2014-03-07,41.0,41.0,41.0
2014-03-10,41.0,41.0,41.0
2014-03-11,41.0,41.0,41.0
2014-03-12,41.0,41.0,41.0
2014-03-13,41.0,41.0,41.0
2014-03-14,41.0,41.0,41.0
2014-03-17,41.0,41.0,41.0
2014-03-18,41.0,41.0,41.0
2014-03-19,41.0,41.0,41.0
2014-03-20,41.0,41.0,41.0
2014-03-21,41.0,41.0,41.0
2014-03-24,41.0,41.0,41.0
2014-03-25,41.0,41.0,41.0
2014-03-26,41.0,41.0,41.0
2014-03-27,41.0,41.0,41.0
2014-03-28,41.0,41.0,41.0
2014-03-31,41.0,41.0,41.0
2014-04-01,41.0,41.0,41.0
2014-04-02,41.0,41.0,41.0
2014-04-03,41.0,41.0,41.0
2014-04-04,41.0,41.0,41.0
2014-04-07,41.0,41.0,41.0
2014-04-08,41.0,41.0,41.0
2014-04-09,41.0,41.0,41.0
2014-04-10,41.0,41.0,41.0
2014-04-11,41.0,41.0,41.0
2014-04-14,41.0,41.0,41.0
2014-04-15,41.0,41.0,41.0
2014-04-16,41.0,41.0,41.0
2014-04-17,41.0,41.0,41.0
2014-04-18,41.0,41.0,41.0
2014-04-21,41.0,41.0,41.0
2014-04-22,41.0,41.0,41.0
2014-04-23,41.0,41.0,41.0
2014-04-24,41.0,41.0,41.0
2014-04-25,41.0,41.0,41.0
2014-04-28,41.0,41.0,41.0
2014-04-29,41.0,41.0,41.0
2014-04-30,41.0,41.0,41.0
2014-05-01,41.0,41.0,41.0
2014-05-02,41.0,41.0,41.0
2014-05-05,41.0,41.0,41.0
2014-05-06,41.0,41.0,41.0
2014-05-07,41.0,41.0,41.0
2014-05-08,41.0,41.0,41.0
2014-05-09,41.0,41.0,41.0
2014-05-12,41.0,41.0,41.0
2014-05-13,41.0,41.0,41.0
2014-05-14,41.0,41.0,41.0
2014-05-15,41.0,41.0,41.0
2014-05-16,41.0,41.0,41.0
2014-05-19,41.0,41.0,41.0
2014-05-20,41.0,41.0,41.0
2014-05-21,41.0,41.0,41.0
2014-05-22,41.0,41.0,41.0
2014-05-23,41.0,41.0,41.0
2014-05-26,41.0,41.0,41.0
2014-05-27,41.0,41.0,41.0
2014-05-28,41.0,41.0,41.0
2014-05-29,41.0,41.0,41.0
2014-05-30,41.0,41.0,41.0
2014-06-02,41.0,41.0,41.0
2014-06-03,41.0,41.0,41.0
2014-06-04,41.0,41.0,41.0
2014-06-05,41.0,41.0,41.0
2014-06-06,41.0,41.0,41.0
2014-06-09,41.0,41.0,41.0
2014-06-10,41.0,41.0,41.0
2014-06-11,41.0,41.0,41.0
2014-06-12,41.0,41.0,41.0
2014-06-13,41.0,41.0,41.0
2014-06-16,41.0,41.0,41.0
2014-06-17,41.0,41.0,41.0
2014-06-18,41.0,41.0,41.0
2014-06-19,41.0,41.0,41.0
2014-06-20,41.0,41.0,41.0
2014-06-23,41.0,41.0,41.0
2014-06-24,41.0,41.0,41.0
2014-06-25,41.0,41.0,41.0
2014-06-26,41.0,41.0,41.0
2014-06-27,41.0,41.0,41.0
2014-06-30,41.0,41.0,41.0
2014-07-01,41.0,41.0,41.0
2014-07-02,41.0,41.0,41.0
2014-07-03,41.0,41.0,41.0
2014-07-04,41.0,41.0,41.0
2014-07-07,41.0,41.0,41.0
2014-07-08,41.0,41.0,41.0
2014-07-09,41.0,41.0,41.0
2014-07-10,41.0,41.0,41.0
2014-07-11,41.0,41.0,41.0
2014-07-14,41.0,41.0,41.0
2014-07-15,41.0,41.0,41.0
2014-07-16,41.0,41.0,41.0
2014-07-17,41.0,41.0,41.0
2014-07-18,41.0,41.0,41.0
2014-07-21,41.0,41.0,41.0
2014-07-22,41.0,41.0,41.0
2014-07-23,41.0,41.0,41.0
2014-07-24,41.0,41.0,41.0
2014-07-25,41.0,41.0,41.0
2014-07-28,41.0,41.0,41.0
2014-07-29,41.0,41.0,41.0
2014-07-30,41.0,41.0,41.0
2014-07-31,41.0,41.0,41.0
2014-08-01,41.0,41.0,41.0
2014-08-04,41.0,41.0,41.0
2014-08-05,41.0,41.0,41.0
2014-08-06,41.0,41.0,41.0
2014-08-07,41.0,41.0,41.0
2014-08-08,41.0,41.0,41.0
2014-08-11,41.0,41.0,41.0
2014-08-12,41.0,41.0,41.0
2014-08-13,41.0,41.0,41.0
2014-08-14,41.0,41.0,41.0
2014-08-15,41.0,41.0,41.0
2014-08-18,41.0,41.0,41.0
2014-08-19,41.0,41.0,41.0
2014-08-20,41.0,41.0,41.0
2014-08-21,41.0,41.0,41.0
2014-08-22,41.0,41.0,41.0
2014-08-25,41.0,41.0,41.0
2014-08-26,41.0,41.0,41.0
2014-08-27,41.0,41.0,41.0
2014-08-28,41.0,41.0,41.0
2014-08-29,41.0,41.0,41.0
2014-09-01,41.0,41.0,41.0
2014-09-02,41.0,41.0,41.0
2014-09-03,41.0,41.0,41.0
2014-09-04,41.0,41.0,41.0
2014-09-05,41.0,41.0,41.0
2014-09-08,41.0,41.0,41.0
2014-09-09,41.0,41.0,41.0
2014-09-10,41.0,41.0,41.0
2014-09-11,41.0,41.0,41.0
2014-09-12,41.0,41.0,41.0
2014-09-15,41.0,41.0,41.0
2014-09-16,41.0,41.0,41.0
2014-09-17,41.0,41.0,41.0
2014-09-18,41.0,41.0,41.0
2014-09-19,41.0,41.0,41.0
2014-09-22,41.0,41.0,41.0
2014-09-23,41.0,41.0,41.0
2014-09-24,41.0,41.0,41.0
2014-09-25,41.0,41.0,41.0
2014-09-26,41.0,41.0,41.0
2014-09-29,41.0,41.0,41.0
2014-09-30,41.0,41.0,41.0
2014-10-01,41.0,41.0,41.0
2014-10-02,41.0,41.0,41.0
2014-10-03,41.0,41.0,41.0
2014-10-06,41.0,41.0,41.0
2014-10-07,41.0,41.0,41.0
2014-10-08,41.0,41.0,41.0
2014-10-09,41.0,41.0,41.0
2014-10-10,41.0,41.0,41.0
2014-10-13,41.0,41.0,41.0
2014-10-14,41.0,41.0,41.0
2014-10-15,41.0,41.0,41.0
2014-10-16,41.0,41.0,41.0
2014-10-17,41.0,41.0,41.0
2014-10-20,41.0,41.0,41.0
2014-10-21,41.0,41.0,41.0
2014-10-22,41.0,41.0,41.0
2014-10-23,41.0,41.0,41.0
2014-10-24,41.0,41.0,41.0
2014-10-27,41.0,41.0,41.0
2014-10-28,41.0,41.0,41.0
2014-10-29,41.0,41.0,41.0
2014-10-30,41.0,41.0,41.0
2014-10-31,41.0,41.0,41.0
2014-11-03,41.0,41.0,41.0
2014-11-04,41.0,41.0,41.0
2014-11-05,41.0,41.0,41.0
2014-11-06,41.0,41.0,41.0
2014-11-07,41.0,41.0,41.0
2014-11-10,41.0,41.0,41.0
2014-11-11,41.0,41.0,41.0
2014-11-12,41.0,41.0,41.0
2014-11-13,41.0,41.0,41.0
2014-11-14,41.0,41.0,41.0
2014-11-17,41.0,41.0,41.0
2014-11-18,41.0,41.0,41.0
2014-11-19,41.0,41.0,41.0
2014-11-20,41.0,41.0,41.0
2014-11-21,41.0,41.0,41.0
2014-11-24,41.0,41.0,41.0
2014-11-25,41.0,41.0,41.0
2014-11-26,41.0,41.0,41.0
2014-11-27,41.0,41.0,41.0
2014-11-28,41.0,41.0,41.0
2014-12-01,41.0,41.0,41.0
2014-12-02,41.0,41.0,41.0
2014-12-03,41.0,41.0,41.0
2014-12-04,41.0,41.0,41.0
2014-12-05,41.0,41.0,41.0
2014-12-08,41.0,41.0,41.0
2014-12-09,41.0,41.0,41.0
2014-12-10,41.0,41.0,41.0
2014-12-11,41.0,41.0,41.0
2014-12-12,41.0,41.0,41.0
2014-12-15,41.0,41.0,41.0
2014-12-16,41.0,41.0,41.0
2014-12-17,41.0,41.0,41.0
2014-12-18,41.0,41.0,41.0
2014-12-19,41.0,41.0,41.0
2014-12-22,41.0,41.0,41.0
2014-12-23,41.0,41.0,41.0
2014-12-24,41.0,41.0,41.0
2014-12-25,41.0,41.0,41.0
2014-12-26,41.0,41.0,41.0
2014-12-29,41.0,41.0,41.0
2014-12-30,41.0,41.0,41.0
2014-12-31,41.0,41.0,41.0
2015-01-01,41.0,41.0,41.0
2015-01-02,41.0,41.0,41.0
2015-01-05,41.0,41.0,41.0
2015-01-06,41.0,41.0,41.0
2015-01-07,41.0,41.0,41.0
2015-01-08,41.0,41.0,41.0
2015-01-09,41.0,41.0,41.0
2015-01-12,41.0,41.0,41.0
2015-01-13,41.0,41.0,41.0
2015-01-14,41.0,41.0,41.0
2015-01-15,41.0,41.0,41.0
2015-01-16,41.0,41.0,41.0
2015-01-19,41.0,41.0,41.0
2015-01-20,41.0,41.0,41.0
2015-01-21,41.0,41.0,41.0
2015-01-22,41.0,41.0,41.0
2015-01-23,41.0,41.0,41.0
2015-01-26,41.0,41.0,41.0
2015-01-27,41.0,41.0,41.0
2015-01-28,41.0,41.0,41.0
2015-01-29,41.0,41.0,41.0
2015-01-30,41.0,41.0,41.0
2015-02-02,41.0,41.0,41.0
2015-02-03,41.0,41.0,41.0
2015-02-04,41.0,41.0,41.0
2015-02-05,41.0,41.0,41.0
2015-02-06,41.0,41.0,41.0
2015-02-09,41.0,41.0,41.0
2015-02-10,41.0,41.0,41.0
2015-02-11,41.0,41.0,41.0
2015-02-12,41.0,41.0,41.0
2015-02-13,41.0,41.0,41.0
2015-02-16,41.0,41.0,41.0
2015-02-17,41.0,41.0,41.0
2015-02-18,41.0,41.0,41.0
2015-02-19,41.0,41.0,41.0
2015-02-20,41.0,41.0,41.0
2015-02-23,41.0,41.0,41.0
2015-02-24,41.0,41.0,41.0
2015-02-25,41.0,41.0,41.0
2015-02-26,41.0,41.0,41.0
2015-02-27,41.0,41.0,41.0
2015-03-02,41.0,41.0,41.0
2015-03-03,41.0,41.0,41.0
2015-03-04,41.0,41.0,41.0
2015-03-05,41.0,41.0,41.0
2015-03-06,41.0,41.0,41.0
2015-03-09,41.0,41.0,41.0
2015-03-10,41.0,41.0,41.0
2015-03-11,41.0,41.0,41.0
2015-03-12,41.0,41.0,41.0
2015-03-13,41.0,41.0,41.0
2015-03-16,41.0,41.0,41.0
2015-03-17,41.0,41.0,41.0
2015-03-18,41.0,41.0,41.0
2015-03-19,41.0,41.0,41.0
2015-03-20,41.0,41.0,41.0
2015-03-23,41.0,41.0,41.0
2015-03-24,41.0,41.0,41.0
2015-03-25,41.0,41.0,41.0
2015-03-26,41.0,41.0,41.0
2015-03-27,41.0,41.0,41.0
2015-03-30,41.0,41.0,41.0
2015-03-31,41.0,41.0,41.0
2015-04-01,41.0,41.0,41.0
2015-04-02,41.0,41.0,41.0
2015-04-03,41.0,41.0,41.0
2015-04-06,41.0,41.0,41.0
2015-04-07,41.0,41.0,41.0
2015-04-08,41.0,41.0,41.0
2015-04-09,41.0,41.0,41.0
2015-04-10,41.0,41.0,41.0
2015-04-13,41.0,41.0,41.0
2015-04-14,41.0,41.0,41.0
2015-04-15,41.0,41.0,41.0
2015-04-16,41.0,41.0,41.0
2015-04-17,41.0,41.0,41.0
2015-04-20,41.0,41.0,41.0
2015-04-21,41.0,41.0,41.0
2015-04-22,41.0,41.0,41.0
2015-04-23,41.0,41.0,41.0
2015-04-24,41.0,41.0,41.0
2015-04-27,41.0,41.0,41.0
2015-04-28,41.0,41.0,41.0
2015-04-29,41.0,41.0,41.0
2015-04-30,41.0,41.0,41.0
2015-05-01,41.0,41.0,41.0
2015-05-04,41.0,41.0,41.0
2015-05-05,41.0,41.0,41.0
2015-05-06,41.0,41.0,41.0
2015-05-07,41.0,41.0,41.0
2015-05-08,41.0,41.0,41.0
2015-05-11,41.0,41.0,41.0
2015-05-12,41.0,41.0,41.0
2015-05-13,41.0,41.0,41.0
2015-05-14,41.0,41.0,41.0
2015-05-15,41.0,41.0,41.0
2015-05-18,41.0,41.0,41.0
2015-05-19,41.0,41.0,41.0
2015-05-20,41.0,41.0,41.0
2015-05-21,41.0,41.0,41.0
2015-05-22,41.0,41.0,41.0
2015-05-25,41.0,41.0,41.0
2015-05-26,41.0,41.0,41.0
2015-05-27,41.0,41.0,41.0
2015-05-28,41.0,41.0,41.0
2015-05-29,41.0,41.0,41.0
2015-06-01,41.0,41.0,41.0
2015-06-02,41.0,41.0,41.0
2015-06-03,41.0,41.0,41.0
2015-06-04,41.0,41.0,41.0
2015-06-05,41.0,41.0,41.0
2015-06-08,41.0,41.0,41.0
2015-06-09,41.0,41.0,41.0
2015-06-10,41.0,41.0,41.0
2015-06-11,41.0,41.0,41.0
2015-06-12,41.0,41.0,41.0
2015-06-15,41.0,41.0,41.0
2015-06-16,41.0,41.0,41.0
2015-06-17,41.0,41.0,41.0
2015-06-18,41.0,41.0,41.0
2015-06-19,41.0,41.0,41.0
2015-06-22,41.0,41.0,41.0
2015-06-23,41.0,41.0,41.0
2015-06-24,41.0,41.0,41.0
2015-06-25,41.0,41.0,41.0
2015-06-26,41.0,41.0,41.0
2015-06-29,41.0,41.0,41.0
2015-06-30,41.0,41.0,41.0
2015-07-01,41.0,41.0,41.0
2015-07-02,41.0,41.0,41.0
2015-07-03,41.0,41.0,41.0
2015-07-06,41.0,41.0,41.0
2015-07-07,41.0,41.0,41.0
2015-07-08,41.0,41.0,41.0
2015-07-09,41.0,41.0,41.0
2015-07-10,41.0,41.0,41.0
2015-07-13,41.0,41.0,41.0
2015-07-14,41.0,41.0,41.0
2015-07-15,41.0,41.0,41.0
2015-07-16,41.0,41.0,41.0
2015-07-17,41.0,41.0,41.0
2015-07-20,41.0,41.0,41.0
2015-07-21,41.0,41.0,41.0
2015-07-22,41.0,41.0,41.0
2015-07-23,41.0,41.0,41.0
2015-07-24,41.0,41.0,41.0
2015-07-27,41.0,41.0,41.0
2015-07-28,41.0,41.0,41.0
2015-07-29,41.0,41.0,41.0
2015-07-30,41.0,41.0,41.0
2015-07-31,41.0,41.0,41.0
2015-08-03,41.0,41.0,41.0
2015-08-04,41.0,41.0,41.0
2015-08-05,41.0,41.0,41.0
2015-08-06,41.0,41.0,41.0
2015-08-07,41.0,41.0,41.0
2015-08-10,41.0,41.0,41.0
2015-08-11,41.0,41.0,41.0
2015-08-12,41.0,41.0,41.0
2015-08-13,41.0,41.0,41.0
2015-08-14,41.0,41.0,41.0
2015-08-17,41.0,41.0,41.0
2015-08-18,41.0,41.0,41.0
2015-08-19,41.0,41.0,41.0
2015-08-20,41.0,41.0,41.0
2015-08-21,41.0,41.0,41.0
2015-08-24,41.0,41.0,41.0
2015-08-25,41.0,41.0,41.0
2015-08-26,41.0,41.0,41.0
2015-08-27,41.0,41.0,41.0
2015-08-28,41.0,41.0,41.0
2015-08-31,41.0,41.0,41.0
2015-09-01,41.0,41.0,41.0
2015-09-02,41.0,41.0,41.0
2015-09-03,41.0,41.0,41.0
2015-09-04,41.0,41.0,41.0
2015-09-07,41.0,41.0,41.0
2015-09-08,41.0,41.0,41.0
2015-09-09,41.0,41.0,41.0
2015-09-10,41.0,41.0,41.0
2015-09-11,41.0,41.0,41.0
2015-09-14,41.0,41.0,41.0
2015-09-15,41.0,41.0,41.0
2015-09-16,41.0,41.0,41.0
2015-09-17,41.0,41.0,41.0
2015-09-18,41.0,41.0,41.0
2015-09-21,41.0,41.0,41.0
2015-09-22,41.0,41.0,41.0
2015-09-23,41.0,41.0,41.0
2015-09-24,41.0,41.0,41.0
2015-09-25,41.0,41.0,41.0
2015-09-28,41.0,41.0,41.0
2015-09-29,41.0,41.0,41.0
2015-09-30,41.0,41.0,41.0
2015-10-01,41.0,41.0,41.0
2015-10-02,41.0,41.0,41.0
2015-10-05,41.0,41.0,41.0
2015-10-06,41.0,41.0,41.0
2015-10-07,41.0,41.0,41.0
2015-10-08,41.0,41.0,41.0
2015-10-09,41.0,41.0,41.0
2015-10-12,41.0,41.0,41.0
2015-10-13,41.0,41.0,41.0
2015-10-14,41.0,41.0,41.0
2015-10-15,41.0,41.0,41.0
2015-10-16,41.0,41.0,41.0
2015-10-19,41.0,41.0,41.0
2015-10-20,41.0,41.0,41.0
2015-10-21,41.0,41.0,41.0
2015-10-22,41.0,41.0,41.0
2015-10-23,41.0,41.0,41.0
2015-10-26,41.0,41.0,41.0
2015-10-27,41.0,41.0,41.0
2015-10-28,41.0,41.0,41.0
2015-10-29,41.0,41.0,41.0
2015-10-30,41.0,41.0,41.0
2015-11-02,41.0,41.0,41.0
2015-11-03,41.0,41.0,41.0
2015-11-04,41.0,41.0,41.0
2015-11-05,41.0,41.0,41.0
2015-11-06,41.0,41.0,41.0
2015-11-09,41.0,41.0,41.0
2015-11-10,41.0,41.0,41.0
2015-11-11,41.0,41.0,41.0
2015-11-12,41.0,41.0,41.0
2015-11-13,41.0,41.0,41.0
2015-11-16,41.0,41.0,41.0
2015-11-17,41.0,41.0,41.0
2015-11-18,41.0,41.0,41.0
2015-11-19,41.0,41.0,41.0
2015-11-20,41.0,41.0,41.0
2015-11-23,41.0,41.0,41.0
2015-11-24,41.0,41.0,41.0
2015-11-25,41.0,41.0,41.0
2015-11-26,41.0,41.0,41.0
2015-11-27,41.0,41.0,41.0
2015-11-30,41.0,41.0,41.0
2015-12-01,41.0,41.0,41.0
2015-12-02,41.0,41.0,41.0
2015-12-03,41.0,41.0,41.0
2015-12-04,41.0,41.0,41.0
2015-12-07,41.0,41.0,41.0
2015-12-08,41.0,41.0,41.0
2015-12-09,41.0,41.0,41.0
2015-12-10,41.0,41.0,41.0
2015-12-11,41.0,41.0,41.0
2015-12-14,41.0,41.0,41.0
2015-12-15,41.0,42.0,41.0
2015-12-16,41.0,42.0,41.0
2015-12-17,41.0,47.0,47.0
2015-12-18,42.0,47.0,47.0
2015-12-21,43.0,47.0,46.0
2015-12-22,45.0,48.0,45.0
2015-12-23,43.0,60.0,60.0
2015-12-24,43.0,60.0,60.0
2015-12-25,43.0,60.0,60.0
2015-12-28,55.0,67.0,67.0
2015-12-29,62.0,67.0,65.0
2015-12-30,62.0,66.0,66.0
2015-12-31,62.0,66.0,66.0
2016-01-01,62.0,66.0,66.0
2016-01-04,60.0,65.0,60.0
2016-01-05,54.0,56.0,54.0
2016-01-06,49.0,49.0,49.0
2016-01-07,45.0,64.0,45.0
2016-01-08,41.0,47.0,41.0
2016-01-11,41.0,41.0,41.0
2016-01-12,41.0,41.0,41.0
2016-01-13,41.0,42.0,41.0
2016-01-14,41.0,41.0,41.0
2016-01-15,41.0,41.0,41.0
2016-01-18,41.0,41.0,41.0
2016-01-19,41.0,41.0,41.0
2016-01-20,41.0,41.0,41.0
2016-01-21,41.0,50.0,41.0
2016-01-22,41.0,56.0,41.0
2016-01-25,41.0,56.0,41.0
2016-01-26,41.0,41.0,41.0
2016-01-27,41.0,41.0,41.0
2016-01-28,41.0,41.0,41.0
2016-01-29,41.0,41.0,41.0
2016-02-01,41.0,41.0,41.0
2016-02-02,41.0,41.0,41.0
2016-02-03,41.0,56.0,41.0
2016-02-04,41.0,41.0,41.0
2016-02-05,41.0,41.0,41.0
2016-02-08,41.0,41.0,41.0
2016-02-09,41.0,41.0,41.0
2016-02-10,41.0,41.0,41.0
2016-02-11,41.0,41.0,41.0
2016-02-12,41.0,41.0,41.0
2016-02-15,41.0,41.0,41.0
2016-02-16,41.0,41.0,41.0
2016-02-17,41.0,41.0,41.0
2016-02-18,41.0,41.0,41.0
2016-02-19,41.0,41.0,41.0
2016-02-22,41.0,41.0,41.0
2016-02-23,41.0,41.0,41.0
2016-02-24,41.0,41.0,41.0
2016-02-25,41.0,41.0,41.0
2016-02-26,41.0,41.0,41.0
2016-02-29,41.0,41.0,41.0
2016-03-01,41.0,41.0,41.0
2016-03-02,41.0,41.0,41.0
2016-03-03,41.0,41.0,41.0
2016-03-04,41.0,41.0,41.0
2016-03-07,41.0,41.0,41.0
2016-03-08,41.0,41.0,41.0
2016-03-09,41.0,41.0,41.0
2016-03-10,41.0,41.0,41.0
2016-03-11,41.0,41.0,41.0
2016-03-14,41.0,41.0,41.0
2016-03-15,41.0,41.0,41.0
2016-03-16,41.0,43.0,41.0
2016-03-17,41.0,50.0,41.0
2016-03-18,41.0,44.0,41.0
2016-03-21,41.0,43.0,42.0
2016-03-22,41.0,42.0,41.0
2016-03-23,41.0,42.0,41.0
2016-03-24,41.0,44.0,41.0
2016-03-25,41.0,44.0,41.0
2016-03-28,41.0,42.0,41.0
2016-03-29,41.0,41.0,41.0
2016-03-30,41.0,42.0,42.0
2016-03-31,41.0,42.0,41.0
2016-04-01,41.0,42.0,41.0
2016-04-04,41.0,41.0,41.0
2016-04-05,41.0,41.0,41.0
2016-04-06,41.0,41.0,41.0
2016-04-07,41.0,41.0,41.0
2016-04-08,41.0,41.0,41.0
2016-04-11,41.0,41.0,41.0
2016-04-12,41.0,41.0,41.0
2016-04-13,41.0,41.0,41.0
2016-04-14,41.0,41.0,41.0
2016-04-15,41.0,41.0,41.0
2016-04-18,41.0,41.0,41.0
2016-04-19,41.0,41.0,41.0
2016-04-20,41.0,41.0,41.0
2016-04-21,41.0,41.0,41.0
2016-04-22,41.0,41.0,41.0
2016-04-25,41.0,41.0,41.0
2016-04-26,41.0,41.0,41.0
2016-04-27,41.0,41.0,41.0
2016-04-28,41.0,41.0,41.0
2016-04-29,41.0,41.0,41.0
2016-05-02,41.0,41.0,41.0
2016-05-03,41.0,41.0,41.0
2016-05-04,41.0,41.0,41.0
2016-05-05,41.0,41.0,41.0
2016-05-06,41.0,41.0,41.0
2016-05-09,41.0,41.0,41.0
2016-05-10,41.0,41.0,41.0
2016-05-11,41.0,41.0,41.0
2016-05-12,41.0,41.0,41.0
2016-05-13,41.0,41.0,41.0
2016-05-16,41.0,41.0,41.0
2016-05-17,41.0,41.0,41.0
2016-05-18,41.0,41.0,41.0
2016-05-19,41.0,41.0,41.0
2016-05-20,41.0,41.0,41.0
2016-05-23,41.0,41.0,41.0
2016-05-24,41.0,41.0,41.0
2016-05-25,41.0,41.0,41.0
2016-05-26,41.0,41.0,41.0
2016-05-27,41.0,41.0,41.0
2016-05-30,41.0,41.0,41.0
2016-05-31,41.0,41.0,41.0
2016-06-01,41.0,41.0,41.0
2016-06-02,41.0,41.0,41.0
2016-06-03,41.0,41.0,41.0
2016-06-06,41.0,41.0,41.0
2016-06-07,41.0,41.0,41.0
2016-06-08,41.0,41.0,41.0
2016-06-09,41.0,41.0,41.0
2016-06-10,41.0,41.0,41.0
2016-06-13,41.0,41.0,41.0
2016-06-14,41.0,41.0,41.0
2016-06-15,41.0,41.0,41.0
2016-06-16,41.0,41.0,41.0
2016-06-17,41.0,41.0,41.0
2016-06-20,41.0,41.0,41.0
2016-06-21,41.0,41.0,41.0
2016-06-22,41.0,41.0,41.0
2016-06-23,41.0,41.0,41.0
2016-06-24,41.0,41.0,41.0
2016-06-27,41.0,41.0,41.0
2016-06-28,41.0,41.0,41.0
2016-06-29,41.0,41.0,41.0
2016-06-30,41.0,41.0,41.0
2016-07-01,41.0,41.0,41.0
2016-07-04,41.0,41.0,41.0
2016-07-05,41.0,41.0,41.0
2016-07-06,41.0,41.0,41.0
2016-07-07,41.0,41.0,41.0
2016-07-08,41.0,41.0,41.0
2016-07-11,41.0,41.0,41.0
2016-07-12,41.0,41.0,41.0
2016-07-13,41.0,41.0,41.0
2016-07-14,41.0,41.0,41.0
2016-07-15,41.0,43.0,41.0
2016-07-18,41.0,41.0,41.0
2016-07-19,41.0,41.0,41.0
2016-07-20,41.0,41.0,41.0
2016-07-21,41.0,42.0,41.0
2016-07-22,41.0,41.0,41.0
2016-07-25,41.0,41.0,41.0
2016-07-26,41.0,41.0,41.0
2016-07-27,41.0,41.0,41.0
2016-07-28,41.0,41.0,41.0
2016-07-29,41.0,41.0,41.0
2016-08-01,41.0,41.0,41.0
2016-08-02,41.0,41.0,41.0
2016-08-03,41.0,41.0,41.0
2016-08-04,41.0,41.0,41.0
2016-08-05,41.0,41.0,41.0
2016-08-08,41.0,41.0,41.0
2016-08-09,41.0,41.0,41.0
2016-08-10,41.0,41.0,41.0
2016-08-11,41.0,41.0,41.0
2016-08-12,41.0,41.0,41.0
2016-08-15,41.0,41.0,41.0
2016-08-16,41.0,41.0,41.0
2016-08-17,41.0,41.0,41.0
2016-08-18,41.0,41.0,41.0
2016-08-19,41.0,41.0,41.0
2016-08-22,41.0,41.0,41.0
2016-08-23,41.0,41.0,41.0
2016-08-24,41.0,41.0,41.0
2016-08-25,41.0,41.0,41.0
2016-08-26,41.0,41.0,41.0
2016-08-29,41.0,41.0,41.0
2016-08-30,41.0,41.0,41.0
2016-08-31,41.0,41.0,41.0
2016-09-01,41.0,41.0,41.0
2016-09-02,41.0,41.0,41.0
2016-09-05,41.0,41.0,41.0
2016-09-06,41.0,41.0,41.0
2016-09-07,41.0,41.0,41.0
2016-09-08,41.0,41.0,41.0
2016-09-09,41.0,41.0,41.0
2016-09-12,41.0,41.0,41.0
2016-09-13,41.0,41.0,41.0
2016-09-14,41.0,41.0,41.0
2016-09-15,41.0,41.0,41.0
2016-09-16,41.0,41.0,41.0
2016-09-19,41.0,41.0,41.0
2016-09-20,41.0,41.0,41.0
2016-09-21,41.0,41.0,41.0
2016-09-22,41.0,41.0,41.0
2016-09-23,41.0,41.0,41.0
2016-09-26,41.0,41.0,41.0
2016-09-27,41.0,41.0,41.0
2016-09-28,41.0,41.0,41.0
2016-09-29,41.0,41.0,41.0
2016-09-30,41.0,41.0,41.0
2016-10-03,41.0,41.0,41.0
2016-10-04,41.0,41.0,41.0
2016-10-05,41.0,41.0,41.0
2016-10-06,41.0,41.0,41.0
2016-10-07,41.0,41.0,41.0
2016-10-10,41.0,41.0,41.0
2016-10-11,41.0,41.0,41.0
2016-10-12,41.0,41.0,41.0
2016-10-13,41.0,41.0,41.0
2016-10-14,41.0,41.0,41.0
2016-10-17,41.0,41.0,41.0
2016-10-18,41.0,41.0,41.0
2016-10-19,41.0,41.0,41.0
2016-10-20,41.0,41.0,41.0
2016-10-21,41.0,41.0,41.0
2016-10-24,41.0,41.0,41.0
2016-10-25,41.0,41.0,41.0
2016-10-26,41.0,41.0,41.0
2016-10-27,41.0,41.0,41.0
2016-10-28,41.0,41.0,41.0
2016-10-31,41.0,41.0,41.0
2016-11-01,41.0,41.0,41.0
2016-11-02,41.0,41.0,41.0
2016-11-03,41.0,41.0,41.0
2016-11-04,41.0,41.0,41.0
2016-11-07,41.0,41.0,41.0
2016-11-08,41.0,41.0,41.0
2016-11-09,41.0,41.0,41.0
2016-11-10,41.0,41.0,41.0
2016-11-11,41.0,41.0,41.0
2016-11-14,41.0,41.0,41.0
2016-11-15,41.0,41.0,41.0
2016-11-16,41.0,41.0,41.0
2016-11-17,41.0,41.0,41.0
2016-11-18,41.0,41.0,41.0
2016-11-21,41.0,41.0,41.0
2016-11-22,41.0,41.0,41.0
2016-11-23,41.0,41.0,41.0
2016-11-24,41.0,41.0,41.0
2016-11-25,41.0,41.0,41.0
2016-11-28,41.0,41.0,41.0
2016-11-29,41.0,41.0,41.0
2016-11-30,41.0,41.0,41.0
2016-12-01,41.0,41.0,41.0
2016-12-02,41.0,41.0,41.0
2016-12-05,41.0,41.0,41.0
2016-12-06,41.0,41.0,41.0
2016-12-07,41.0,41.0,41.0
2016-12-08,41.0,41.0,41.0
2016-12-09,41.0,41.0,41.0
2016-12-12,41.0,41.0,41.0
2016-12-13,41.0,41.0,41.0
2016-12-14,41.0,41.0,41.0
2016-12-15,41.0,41.0,41.0
2016-12-16,41.0,41.0,41.0
2016-12-19,41.0,41.0,41.0
2016-12-20,41.0,41.0,41.0
2016-12-21,41.0,41.0,41.0
2016-12-22,41.0,41.0,41.0
2016-12-23,41.0,41.0,41.0
2016-12-26,41.0,41.0,41.0
2016-12-27,41.0,41.0,41.0
2016-12-28,41.0,41.0,41.0
2016-12-29,41.0,41.0,41.0
2016-12-30,41.0,41.0,41.0
2017-01-02,41.0,41.0,41.0
2017-01-03,41.0,41.0,41.0
2017-01-04,41.0,41.0,41.0
2017-01-05,41.0,41.0,41.0
2017-01-06,41.0,41.0,41.0
2017-01-09,41.0,41.0,41.0
2017-01-10,41.0,41.0,41.0
2017-01-11,41.0,41.0,41.0
2017-01-12,41.0,41.0,41.0
2017-01-13,41.0,41.0,41.0
2017-01-16,41.0,41.0,41.0
2017-01-17,41.0,41.0,41.0
2017-01-18,41.0,41.0,41.0
2017-01-19,41.0,41.0,41.0
2017-01-20,41.0,41.0,41.0
2017-01-23,41.0,41.0,41.0
2017-01-24,41.0,41.0,41.0
2017-01-25,41.0,41.0,41.0
2017-01-26,41.0,41.0,41.0
2017-01-27,41.0,41.0,41.0
2017-01-30,41.0,41.0,41.0
2017-01-31,41.0,41.0,41.0
2017-02-01,41.0,43.0,41.0
2017-02-02,41.0,42.0,41.0
2017-02-03,41.0,45.0,44.0
2017-02-06,43.0,47.0,43.0
2017-02-07,43.0,47.0,44.0
2017-02-08,41.0,45.0,42.0
2017-02-09,41.0,57.0,57.0
2017-02-10,57.0,76.0,73.0
2017-02-13,63.0,95.0,78.0
2017-02-14,60.0,89.0,60.0
2017-02-15,60.0,60.0,60.0
2017-02-16,50.0,63.0,54.0
2017-02-17,50.0,57.0,55.0
2017-02-20,54.0,64.0,61.0
2017-02-21,41.0,63.0,46.0
2017-02-22,44.0,62.0,62.0
2017-02-23,57.0,73.0,61.0
2017-02-24,56.0,62.0,57.0
2017-02-27,55.0,62.0,58.0
2017-02-28,57.0,73.0,70.0
2017-03-01,65.0,73.0,69.0
2017-03-02,63.0,72.0,70.0
2017-03-03,65.0,71.0,67.0
2017-03-06,65.0,69.0,65.0
2017-03-07,62.0,66.0,62.0
2017-03-08,59.0,65.0,61.0
2017-03-09,57.0,62.0,59.0
2017-03-10,58.0,64.0,62.0
2017-03-13,61.0,65.0,61.0
2017-03-14,58.0,62.0,58.0
2017-03-15,57.0,62.0,57.0
2017-03-16,57.0,60.0,57.0
2017-03-17,57.0,78.0,78.0
2017-03-20,74.0,104.0,104.0
2017-03-21,101.0,117.0,105.0
2017-03-22,101.0,115.0,110.0
2017-03-23,110.0,110.0,110.0
2017-03-24,72.0,146.0,72.0
2017-03-27,62.0,73.0,66.0
2017-03-28,62.0,73.0,66.0
2017-03-29,60.0,75.0,61.0
2017-03-30,57.0,64.0,57.0
2017-03-31,57.0,61.0,57.0
2017-04-03,57.0,62.0,58.0
2017-04-04,55.0,59.0,57.0
2017-04-05,55.0,59.0,57.0
2017-04-06,57.0,61.0,58.0
2017-04-07,57.0,59.0,57.0
2017-04-10,57.0,60.0,57.0
2017-04-11,57.0,60.0,57.0
2017-04-12,57.0,75.0,66.0
2017-04-13,62.0,73.0,63.0
2017-04-14,62.0,73.0,63.0
2017-04-17,62.0,68.0,65.0
2017-04-18,63.0,67.0,64.0
2017-04-19,64.0,64.0,64.0
2017-04-20,62.0,65.0,62.0
2017-04-21,61.0,64.0,62.0
2017-04-24,61.0,64.0,62.0
2017-04-25,60.0,64.0,62.0
2017-04-26,60.0,62.0,61.0
2017-04-27,59.0,62.0,60.0
2017-04-28,57.0,60.0,57.0
2017-05-01,57.0,60.0,57.0
2017-05-02,57.0,59.0,57.0
2017-05-03,53.0,58.0,54.0
2017-05-04,42.0,55.0,42.0
2017-05-05,42.0,52.0,47.0
2017-05-08,44.0,48.0,45.0
2017-05-09,43.0,46.0,44.0
2017-05-10,43.0,46.0,43.0
2017-05-11,43.0,46.0,43.0
2017-05-12,43.0,50.0,47.0
2017-05-15,44.0,50.0,44.0
2017-05-16,44.0,46.0,44.0
2017-05-17,43.0,46.0,44.0
2017-05-18,44.0,46.0,44.0
2017-05-19,43.0,45.0,44.0
2017-05-22,44.0,47.0,44.0
2017-05-23,44.0,47.0,44.0
2017-05-24,43.0,46.0,45.0
2017-05-25,43.0,46.0,45.0
2017-05-26,43.0,45.0,44.0
2017-05-29,43.0,45.0,44.0
2017-05-30,43.0,48.0,47.0
2017-05-31,45.0,48.0,45.0
2017-06-01,45.0,45.0,45.0
2017-06-02,44.0,46.0,45.0
2017-06-05,44.0,46.0,45.0
2017-06-06,43.0,45.0,43.0
2017-06-07,43.0,46.0,45.0
2017-06-08,44.0,45.0,44.0
2017-06-09,43.0,45.0,44.0
2017-06-12,43.0,44.0,44.0
2017-06-13,43.0,44.0,44.0
2017-06-14,43.0,46.0,45.0
2017-06-15,44.0,45.0,44.0
2017-06-16,44.0,46.0,45.0
2017-06-19,43.0,46.0,44.0
2017-06-20,44.0,45.0,45.0
2017-06-21,43.0,45.0,45.0
2017-06-22,44.0,45.0,45.0
2017-06-23,45.0,45.0,45.0
2017-06-26,45.0,45.0,45.0
2017-06-27,45.0,45.0,45.0
2017-06-28,45.0,45.0,45.0
2017-06-29,45.0,45.0,45.0
2017-06-30,45.0,45.0,45.0
2017-07-03,44.0,45.0,44.0
2017-07-04,43.0,45.0,45.0
2017-07-05,43.0,47.0,45.0
2017-07-06,43.0,45.0,44.0
2017-07-07,43.0,44.0,43.0
2017-07-10,43.0,43.0,43.0
2017-07-11,42.0,44.0,42.0
2017-07-12,41.0,43.0,43.0
2017-07-13,41.0,43.0,42.0
2017-07-14,41.0,42.0,42.0
2017-07-17,41.0,42.0,42.0
2017-07-18,41.0,42.0,41.0
2017-07-19,41.0,41.0,41.0
2017-07-20,41.0,42.0,42.0
2017-07-21,41.0,43.0,43.0
2017-07-24,41.0,43.0,42.0
2017-07-25,41.0,43.0,42.0
2017-07-26,41.0,43.0,42.0
2017-07-27,41.0,45.0,43.0
2017-07-28,42.0,44.0,42.0
2017-07-31,41.0,44.0,43.0
2017-08-01,42.0,47.0,44.0
2017-08-02,42.0,44.0,42.0
2017-08-03,42.0,47.0,43.0
2017-08-04,43.0,45.0,43.0
2017-08-07,42.0,47.0,42.0
2017-08-08,42.0,43.0,42.0
2017-08-09,42.0,45.0,43.0
2017-08-10,42.0,45.0,45.0
2017-08-11,44.0,59.0,57.0
2017-08-14,57.0,63.0,57.0
2017-08-15,52.0,62.0,61.0
2017-08-16,60.0,67.0,65.0
2017-08-17,65.0,65.0,65.0
2017-08-18,62.0,67.0,62.0
2017-08-21,57.0,62.0,60.0
2017-08-22,59.0,73.0,70.0
2017-08-23,68.0,75.0,72.0
2017-08-24,68.0,78.0,70.0
2017-08-25,67.0,78.0,73.0
2017-08-28,70.0,75.0,71.0
2017-08-29,68.0,72.0,69.0
2017-08-30,68.0,73.0,68.0
2017-08-31,62.0,71.0,68.0
2017-09-01,68.0,68.0,68.0
2017-09-04,68.0,75.0,73.0
2017-09-05,73.0,83.0,82.0
2017-09-06,78.0,108.0,85.0
2017-09-07,85.0,94.0,88.0
2017-09-08,89.0,99.0,94.0
2017-09-11,89.0,98.0,92.0
2017-09-12,87.0,94.0,89.0
2017-09-13,86.0,94.0,90.0
2017-09-14,89.0,103.0,101.0
2017-09-15,99.0,110.0,103.0
2017-09-18,99.0,107.0,107.0
2017-09-19,105.0,112.0,107.0
2017-09-20,104.0,109.0,106.0
2017-09-21,106.0,106.0,106.0
2017-09-22,104.0,111.0,105.0
2017-09-25,102.0,108.0,103.0
2017-09-26,93.0,104.0,93.0
2017-09-27,78.0,93.0,83.0
2017-09-28,83.0,88.0,86.0
2017-09-29,69.0,87.0,74.0
2017-10-02,74.0,83.0,77.0
2017-10-03,73.0,78.0,77.0
2017-10-04,75.0,80.0,80.0
2017-10-05,79.0,88.0,88.0
2017-10-06,85.0,94.0,86.0
2017-10-09,83.0,88.0,85.0
2017-10-10,84.0,92.0,92.0
2017-10-11,88.0,97.0,94.0
2017-10-12,89.0,95.0,93.0
2017-10-13,93.0,101.0,99.0
2017-10-16,97.0,101.0,98.0
2017-10-17,97.0,103.0,99.0
2017-10-18,96.0,102.0,97.0
2017-10-19,93.0,99.0,93.0
2017-10-20,92.0,95.0,94.0
2017-10-23,92.0,98.0,95.0
2017-10-24,94.0,97.0,94.0
2017-10-25,94.0,99.0,95.0
2017-10-26,89.0,98.0,90.0
2017-10-27,86.0,92.0,86.0
2017-10-30,85.0,91.0,88.0
2017-10-31,85.0,90.0,85.0
2017-11-01,83.0,87.0,83.0
2017-11-02,83.0,87.0,85.0
2017-11-03,85.0,89.0,87.0
2017-11-06,86.0,92.0,88.0
2017-11-07,87.0,89.0,87.0
2017-11-08,86.0,88.0,87.0
2017-11-09,85.0,89.0,86.0
2017-11-10,79.0,87.0,85.0
2017-11-13,83.0,86.0,84.0
2017-11-14,79.0,84.0,82.0
2017-11-15,80.0,83.0,81.0
2017-11-16,81.0,84.0,82.0
2017-11-17,82.0,88.0,88.0
2017-11-20,85.0,91.0,86.0
2017-11-21,84.0,88.0,85.0
2017-11-22,83.0,87.0,84.0
2017-11-23,83.0,88.0,85.0
2017-11-24,83.0,86.0,83.0
2017-11-27,83.0,86.0,83.0
2017-11-28,79.0,83.0,81.0
2017-11-29,80.0,83.0,81.0
2017-11-30,80.0,82.0,81.0
2017-12-01,81.0,81.0,81.0
2017-12-04,80.0,83.0,80.0
2017-12-05,73.0,81.0,76.0
2017-12-06,74.0,79.0,75.0
2017-12-07,71.0,75.0,74.0
2017-12-08,69.0,79.0,79.0
2017-12-11,76.0,80.0,76.0
2017-12-12,71.0,76.0,74.0
2017-12-13,73.0,76.0,75.0
2017-12-14,73.0,80.0,76.0
2017-12-15,73.0,76.0,74.0
2017-12-18,73.0,78.0,74.0
2017-12-19,73.0,75.0,74.0
2017-12-20,73.0,75.0,74.0
2017-12-21,72.0,74.0,74.0
2017-12-22,72.0,74.0,74.0
2017-12-25,74.0,74.0,74.0
2017-12-26,74.0,74.0,74.0
2017-12-27,73.0,74.0,74.0
2017-12-28,73.0,81.0,77.0
2017-12-29,74.0,81.0,77.0
2018-01-01,77.0,77.0,77.0
2018-01-02,77.0,82.0,78.0
2018-01-03,75.0,79.0,76.0
2018-01-04,73.0,78.0,76.0
2018-01-05,76.0,78.0,76.0
2018-01-08,75.0,77.0,77.0
2018-01-09,75.0,78.0,75.0
2018-01-10,74.0,77.0,76.0
2018-01-11,73.0,76.0,75.0
2018-01-12,73.0,75.0,75.0
2018-01-15,74.0,77.0,74.0
2018-01-16,73.0,76.0,74.0
2018-01-17,73.0,77.0,75.0
2018-01-18,75.0,80.0,77.0
2018-01-19,78.0,83.0,82.0
2018-01-22,82.0,88.0,84.0
2018-01-23,80.0,87.0,81.0
2018-01-24,78.0,83.0,79.0
2018-01-25,79.0,83.0,79.0
2018-01-26,78.0,81.0,78.0
2018-01-29,77.0,80.0,77.0
2018-01-30,77.0,82.0,80.0
2018-01-31,80.0,91.0,87.0
2018-02-01,79.0,89.0,80.0
2018-02-02,78.0,83.0,79.0
2018-02-05,78.0,86.0,83.0
2018-02-06,79.0,87.0,81.0
2018-02-07,81.0,91.0,88.0
2018-02-08,88.0,95.0,90.0
2018-02-09,83.0,89.0,83.0
2018-02-12,81.0,85.0,83.0
2018-02-13,82.0,86.0,83.0
2018-02-14,81.0,84.0,82.0
2018-02-15,82.0,84.0,82.0
2018-02-16,82.0,82.0,82.0
2018-02-19,82.0,83.0,83.0
2018-02-20,81.0,83.0,82.0
2018-02-21,79.0,83.0,81.0
2018-02-22,78.0,81.0,79.0
2018-02-23,78.0,83.0,80.0
2018-02-26,78.0,81.0,79.0
2018-02-27,78.0,83.0,79.0
2018-02-28,78.0,80.0,78.0
2018-03-01,78.0,81.0,78.0
2018-03-02,78.0,81.0,78.0
2018-03-05,78.0,82.0,80.0
2018-03-06,79.0,86.0,83.0
2018-03-07,78.0,86.0,78.0
2018-03-08,74.0,81.0,78.0
2018-03-09,76.0,78.0,77.0
2018-03-12,77.0,80.0,78.0
2018-03-13,76.0,80.0,76.0
2018-03-14,75.0,77.0,77.0
2018-03-15,71.0,77.0,75.0
2018-03-16,73.0,75.0,73.0
2018-03-19,72.0,77.0,73.0
2018-03-20,73.0,77.0,76.0
2018-03-21,74.0,78.0,75.0
2018-03-22,72.0,77.0,75.0
2018-03-23,72.0,75.0,75.0
2018-03-26,73.0,75.0,73.0
2018-03-27,73.0,75.0,73.0
2018-03-28,71.0,74.0,73.0
2018-03-29,72.0,74.0,73.0
2018-03-30,73.0,73.0,73.0
2018-04-02,71.0,73.0,71.0
2018-04-03,70.0,73.0,70.0
2018-04-04,70.0,74.0,72.0
2018-04-05,71.0,73.0,73.0
2018-04-06,71.0,74.0,71.0
2018-04-09,70.0,73.0,72.0
2018-04-10,70.0,73.0,72.0
2018-04-11,70.0,72.0,70.0
2018-04-12,68.0,71.0,69.0
2018-04-13,68.0,71.0,69.0
2018-04-16,69.0,69.0,69.0
2018-04-17,69.0,69.0,69.0
2018-04-18,68.0,71.0,71.0
2018-04-19,71.0,71.0,71.0
2018-04-20,71.0,71.0,71.0
2018-04-23,67.0,70.0,68.0
2018-04-24,66.0,68.0,66.0
2018-04-25,66.0,66.0,66.0
2018-04-26,66.0,66.0,66.0
2018-04-27,66.0,66.0,66.0
2018-04-30,62.0,67.0,62.0
2018-05-01,62.0,62.0,62.0
2018-05-02,62.0,69.0,67.0
2018-05-03,64.0,69.0,66.0
2018-05-04,63.0,67.0,65.0
2018-05-07,63.0,67.0,65.0
2018-05-08,63.0,67.0,65.0
2018-05-09,62.0,66.0,64.0
2018-05-10,64.0,64.0,64.0
2018-05-11,62.0,67.0,65.0
2018-05-14,62.0,66.0,65.0
2018-05-15,62.0,65.0,65.0
2018-05-16,62.0,65.0,64.0
2018-05-17,64.0,67.0,65.0
2018-05-18,63.0,66.0,63.0
2018-05-21,62.0,65.0,64.0
2018-05-22,63.0,65.0,63.0
2018-05-23,62.0,65.0,64.0
2018-05-24,63.0,64.0,64.0
2018-05-25,62.0,64.0,63.0
2018-05-28,63.0,64.0,64.0
2018-05-29,64.0,64.0,64.0
2018-05-30,62.0,64.0,62.0
2018-05-31,62.0,64.0,63.0
2018-06-01,63.0,63.0,63.0
2018-06-04,62.0,64.0,62.0
2018-06-05,61.0,62.0,62.0
2018-06-06,61.0,62.0,61.0
2018-06-07,57.0,62.0,61.0
2018-06-08,61.0,63.0,63.0
2018-06-11,63.0,63.0,63.0
2018-06-12,63.0,63.0,63.0
2018-06-13,63.0,63.0,63.0
2018-06-14,63.0,63.0,63.0
2018-06-15,63.0,63.0,63.0
2018-06-18,63.0,63.0,63.0
2018-06-19,63.0,63.0,63.0
2018-06-20,59.0,63.0,62.0
2018-06-21,59.0,62.0,60.0
2018-06-22,58.0,62.0,59.0
2018-06-25,57.0,60.0,58.0
2018-06-26,55.0,60.0,58.0
2018-06-27,57.0,60.0,58.0
2018-06-28,57.0,59.0,58.0
2018-06-29,55.0,58.0,57.0
2018-07-02,54.0,57.0,56.0
2018-07-03,54.0,58.0,57.0
2018-07-04,54.0,58.0,57.0
2018-07-05,55.0,57.0,57.0
2018-07-06,55.0,57.0,57.0
2018-07-09,55.0,57.0,57.0
2018-07-10,56.0,57.0,57.0
2018-07-11,56.0,57.0,57.0
2018-07-12,53.0,57.0,56.0
2018-07-13,55.0,56.0,56.0
2018-07-16,55.0,56.0,56.0
2018-07-17,55.0,57.0,56.0
2018-07-18,55.0,57.0,55.0
2018-07-19,55.0,56.0,55.0
2018-07-20,54.0,55.0,55.0
2018-07-23,54.0,60.0,60.0
2018-07-24,60.0,63.0,62.0
2018-07-25,61.0,63.0,62.0
2018-07-26,61.0,63.0,62.0
2018-07-27,61.0,68.0,65.0
2018-07-30,63.0,67.0,67.0
2018-07-31,65.0,67.0,66.0
2018-08-01,65.0,67.0,67.0
2018-08-02,66.0,67.0,67.0
2018-08-03,66.0,67.0,67.0
2018-08-06,66.0,69.0,69.0
2018-08-07,67.0,69.0,68.0
2018-08-08,67.0,69.0,67.0
2018-08-09,66.0,67.0,67.0
2018-08-10,66.0,68.0,67.0
2018-08-13,64.0,67.0,66.0
2018-08-14,63.0,67.0,67.0
2018-08-15,65.0,67.0,66.0
2018-08-16,65.0,67.0,65.0
2018-08-17,65.0,65.0,65.0
2018-08-20,62.0,66.0,62.0
2018-08-21,63.0,67.0,66.0
2018-08-22,66.0,66.0,66.0
2018-08-23,64.0,66.0,65.0
2018-08-24,63.0,66.0,65.0
2018-08-27,63.0,65.0,64.0
2018-08-28,62.0,65.0,62.0
2018-08-29,61.0,64.0,62.0
2018-08-30,61.0,63.0,61.0
2018-08-31,61.0,64.0,62.0
2018-09-03,58.0,64.0,59.0
2018-09-04,57.0,60.0,57.0
2018-09-05,42.0,58.0,53.0
2018-09-06,50.0,58.0,57.0
2018-09-07,57.0,59.0,59.0
2018-09-10,56.0,59.0,56.0
2018-09-11,56.0,56.0,56.0
2018-09-12,54.0,57.0,57.0
2018-09-13,53.0,57.0,55.0
2018-09-14,54.0,56.0,56.0
2018-09-17,53.0,56.0,54.0
2018-09-18,55.0,63.0,60.0
2018-09-19,60.0,67.0,67.0
2018-09-20,65.0,69.0,66.0
2018-09-21,64.0,67.0,67.0
2018-09-24,65.0,69.0,66.0
2018-09-25,64.0,67.0,66.0
2018-09-26,65.0,67.0,67.0
2018-09-27,66.0,67.0,67.0
2018-09-28,65.0,67.0,66.0
2018-10-01,65.0,67.0,66.0
2018-10-02,64.0,67.0,66.0
2018-10-03,65.0,67.0,66.0
2018-10-04,65.0,67.0,66.0
2018-10-05,65.0,67.0,66.0
2018-10-08,65.0,67.0,66.0
2018-10-09,65.0,67.0,67.0
2018-10-10,65.0,67.0,67.0
2018-10-11,66.0,67.0,66.0
2018-10-12,65.0,73.0,73.0
2018-10-15,72.0,75.0,73.0
2018-10-16,72.0,75.0,74.0
2018-10-17,73.0,76.0,74.0
2018-10-18,73.0,75.0,75.0
2018-10-19,73.0,76.0,75.0
2018-10-22,73.0,76.0,74.0
2018-10-23,73.0,75.0,73.0
2018-10-24,73.0,78.0,76.0
2018-10-25,74.0,78.0,78.0
2018-10-26,76.0,78.0,77.0
2018-10-29,76.0,78.0,78.0
2018-10-30,75.0,78.0,78.0
2018-10-31,78.0,80.0,80.0
2018-11-01,79.0,82.0,80.0
2018-11-02,79.0,82.0,82.0
2018-11-05,80.0,83.0,82.0
2018-11-06,81.0,83.0,83.0
2018-11-07,83.0,85.0,84.0
2018-11-08,81.0,85.0,83.0
2018-11-09,81.0,84.0,83.0
2018-11-12,82.0,84.0,83.0
2018-11-13,82.0,84.0,83.0
2018-11-14,82.0,84.0,83.0
2018-11-15,82.0,84.0,83.0
2018-11-16,83.0,88.0,88.0
2018-11-19,88.0,90.0,89.0
2018-11-20,89.0,89.0,89.0
2018-11-21,88.0,90.0,90.0
2018-11-22,88.0,94.0,90.0
2018-11-23,85.0,91.0,88.0
2018-11-26,84.0,88.0,87.0
2018-11-27,86.0,88.0,87.0
2018-11-28,86.0,88.0,88.0
2018-11-29,87.0,94.0,94.0
2018-11-30,93.0,97.0,94.0
2018-12-03,93.0,96.0,95.0
2018-12-04,94.0,97.0,96.0
2018-12-05,89.0,98.0,94.0
2018-12-06,90.0,94.0,90.0
2018-12-07,90.0,95.0,95.0
2018-12-10,94.0,98.0,97.0
2018-12-11,97.0,100.0,100.0
2018-12-12,99.0,101.0,100.0
2018-12-13,98.0,101.0,101.0
2018-12-14,99.0,103.0,102.0
2018-12-17,100.0,103.0,101.0
2018-12-18,99.0,102.0,100.0
2018-12-19,100.0,103.0,102.0
2018-12-20,100.0,103.0,101.0
2018-12-21,99.0,103.0,99.0
2018-12-24,99.0,99.0,99.0
2018-12-25,99.0,99.0,99.0
2018-12-26,93.0,101.0,97.0
2018-12-27,96.0,99.0,98.0
2018-12-28,98.0,102.0,100.0
2018-12-31,100.0,100.0,100.0
2019-01-01,100.0,100.0,100.0
2019-01-02,100.0,103.0,102.0
2019-01-03,101.0,103.0,103.0
2019-01-04,102.0,106.0,105.0
2019-01-07,104.0,107.0,105.0
2019-01-08,104.0,107.0,106.0
2019-01-09,105.0,108.0,108.0
2019-01-10,106.0,109.0,109.0
2019-01-11,106.0,109.0,109.0
2019-01-14,108.0,110.0,109.0
2019-01-15,107.0,111.0,111.0
2019-01-16,109.0,112.0,109.0
2019-01-17,108.0,111.0,109.0
2019-01-18,109.0,111.0,110.0
2019-01-21,109.0,112.0,110.0
2019-01-22,109.0,111.0,111.0
2019-01-23,109.0,112.0,111.0
2019-01-24,109.0,111.0,110.0
2019-01-25,104.0,111.0,107.0
2019-01-28,104.0,108.0,107.0
2019-01-29,104.0,109.0,106.0
2019-01-30,105.0,109.0,108.0
2019-01-31,108.0,110.0,109.0
2019-02-01,108.0,110.0,109.0
2019-02-04,108.0,111.0,109.0
2019-02-05,109.0,109.0,109.0
2019-02-06,108.0,109.0,109.0
2019-02-07,107.0,109.0,109.0
2019-02-08,107.0,109.0,109.0
2019-02-11,107.0,109.0,109.0
2019-02-12,105.0,109.0,107.0
2019-02-13,71.0,108.0,103.0
2019-02-14,99.0,104.0,99.0
2019-02-15,95.0,100.0,97.0
2019-02-18,96.0,104.0,104.0
2019-02-19,103.0,109.0,107.0
2019-02-20,107.0,110.0,109.0
2019-02-21,109.0,110.0,109.0
2019-02-22,107.0,110.0,107.0
2019-02-25,104.0,113.0,109.0
2019-02-26,107.0,110.0,108.0
2019-02-27,107.0,109.0,107.0
2019-02-28,106.0,110.0,107.0
2019-03-01,106.0,109.0,106.0
2019-03-04,105.0,109.0,106.0
2019-03-05,106.0,109.0,107.0
2019-03-06,104.0,107.0,107.0
2019-03-07,107.0,107.0,107.0
2019-03-08,105.0,109.0,109.0
2019-03-11,107.0,110.0,108.0
2019-03-12,104.0,109.0,104.0
2019-03-13,99.0,105.0,101.0
2019-03-14,101.0,107.0,104.0
2019-03-15,104.0,108.0,106.0
2019-03-18,105.0,109.0,106.0
2019-03-19,104.0,106.0,105.0
2019-03-20,104.0,108.0,104.0
2019-03-21,102.0,106.0,102.0
2019-03-22,103.0,105.0,104.0
2019-03-25,103.0,107.0,103.0
2019-03-26,104.0,109.0,104.0
2019-03-27,103.0,105.0,103.0
2019-03-28,104.0,106.0,104.0
2019-03-29,104.0,106.0,106.0
2019-04-01,105.0,107.0,105.0
2019-04-02,105.0,109.0,108.0
2019-04-03,108.0,108.0,108.0
2019-04-04,106.0,109.0,109.0
2019-04-05,109.0,109.0,109.0
2019-04-08,108.0,110.0,109.0
2019-04-09,108.0,110.0,110.0
2019-04-10,110.0,120.0,118.0
2019-04-11,116.0,123.0,123.0
2019-04-12,119.0,123.0,120.0
2019-04-15,120.0,125.0,121.0
2019-04-16,118.0,123.0,122.0
2019-04-17,122.0,122.0,122.0
2019-04-18,119.0,122.0,120.0
2019-04-19,120.0,120.0,120.0
2019-04-22,114.0,121.0,120.0
2019-04-23,117.0,120.0,119.0
2019-04-24,118.0,123.0,123.0
2019-04-25,122.0,129.0,129.0
2019-04-26,123.0,130.0,125.0
2019-04-29,121.0,125.0,123.0
2019-04-30,123.0,130.0,129.0
2019-05-01,129.0,129.0,129.0
2019-05-02,123.0,129.0,124.0
2019-05-03,117.0,124.0,122.0
2019-05-06,118.0,122.0,118.0
2019-05-07,115.0,121.0,116.0
2019-05-08,104.0,121.0,110.0
2019-05-09,107.0,113.0,109.0
2019-05-10,108.0,114.0,114.0
2019-05-13,112.0,115.0,112.0
2019-05-14,109.0,119.0,119.0
2019-05-15,113.0,122.0,113.0
2019-05-16,110.0,115.0,114.0
2019-05-17,111.0,116.0,115.0
2019-05-20,109.0,115.0,109.0
2019-05-21,105.0,111.0,110.0
2019-05-22,109.0,114.0,113.0
2019-05-23,110.0,114.0,110.0
2019-05-24,109.0,114.0,111.0
2019-05-27,110.0,114.0,112.0
2019-05-28,106.0,114.0,106.0
2019-05-29,104.0,108.0,105.0
2019-05-30,105.0,105.0,105.0
2019-05-31,104.0,109.0,107.0
2019-06-03,107.0,107.0,107.0
2019-06-04,107.0,107.0,107.0
2019-06-05,107.0,107.0,107.0
2019-06-06,107.0,107.0,107.0
2019-06-07,107.0,107.0,107.0
2019-06-10,107.0,112.0,110.0
2019-06-11,107.0,112.0,109.0
2019-06-12,108.0,113.0,110.0
2019-06-13,110.0,115.0,115.0
2019-06-14,113.0,129.0,116.0
2019-06-17,116.0,124.0,124.0
2019-06-18,120.0,127.0,120.0
2019-06-19,117.0,126.0,118.0
2019-06-20,108.0,117.0,112.0
2019-06-21,100.0,111.0,101.0
2019-06-24,96.0,101.0,100.0
2019-06-25,96.0,104.0,102.0
2019-06-26,99.0,104.0,103.0
2019-06-27,101.0,110.0,108.0
2019-06-28,93.0,109.0,95.0
2019-07-01,88.0,96.0,89.0
2019-07-02,89.0,95.0,91.0
2019-07-03,90.0,93.0,91.0
2019-07-04,90.0,93.0,90.0
2019-07-05,89.0,92.0,90.0
2019-07-08,88.0,91.0,91.0
2019-07-09,89.0,93.0,92.0
2019-07-10,92.0,94.0,92.0
2019-07-11,90.0,93.0,91.0
2019-07-12,91.0,97.0,95.0
2019-07-15,94.0,98.0,94.0
2019-07-16,92.0,96.0,93.0
2019-07-17,92.0,94.0,94.0
2019-07-18,91.0,95.0,93.0
2019-07-19,91.0,93.0,92.0
2019-07-22,91.0,93.0,92.0
2019-07-23,91.0,93.0,92.0
2019-07-24,91.0,94.0,93.0
2019-07-25,90.0,93.0,92.0
2019-07-26,90.0,93.0,91.0
2019-07-29,89.0,92.0,90.0
2019-07-30,90.0,92.0,91.0
2019-07-31,89.0,92.0,90.0
2019-08-01,89.0,92.0,90.0
2019-08-02,89.0,91.0,91.0
2019-08-05,87.0,92.0,90.0
2019-08-06,87.0,92.0,90.0
2019-08-07,88.0,91.0,90.0
2019-08-08,88.0,91.0,89.0
2019-08-09,87.0,90.0,89.0
2019-08-12,87.0,90.0,89.0
2019-08-13,88.0,92.0,91.0
2019-08-14,89.0,91.0,90.0
2019-08-15,89.0,91.0,89.0
2019-08-16,88.0,90.0,90.0
2019-08-19,89.0,91.0,89.0
2019-08-20,88.0,90.0,90.0
2019-08-21,88.0,90.0,90.0
2019-08-22,88.0,90.0,89.0
2019-08-23,88.0,90.0,89.0
2019-08-26,88.0,90.0,90.0
2019-08-27,88.0,90.0,90.0
2019-08-28,88.0,90.0,89.0
2019-08-29,88.0,90.0,89.0
2019-08-30,88.0,90.0,90.0
2019-09-02,89.0,97.0,97.0
2019-09-03,96.0,100.0,98.0
2019-09-04,98.0,112.0,112.0
2019-09-05,104.0,115.0,109.0
2019-09-06,107.0,119.0,117.0
2019-09-09,115.0,120.0,117.0
2019-09-10,113.0,118.0,117.0
2019-09-11,115.0,119.0,118.0
2019-09-12,116.0,135.0,130.0
2019-09-13,128.0,134.0,129.0
2019-09-16,126.0,131.0,130.0
2019-09-17,129.0,139.0,139.0
2019-09-18,133.0,146.0,139.0
2019-09-19,137.0,141.0,140.0
2019-09-20,140.0,147.0,147.0
2019-09-23,146.0,150.0,148.0
2019-09-24,146.0,149.0,149.0
2019-09-25,148.0,162.0,162.0
2019-09-26,160.0,171.0,165.0
2019-09-27,165.0,170.0,169.0
2019-09-30,169.0,180.0,180.0
2019-10-01,178.0,191.0,191.0
2019-10-02,135.0,197.0,169.0
2019-10-03,168.0,176.0,174.0
2019-10-04,174.0,182.0,182.0
2019-10-07,150.0,186.0,181.0
2019-10-08,177.0,183.0,178.0
2019-10-09,178.0,195.0,195.0
2019-10-10,195.0,214.0,210.0
2019-10-11,206.0,216.0,212.0
2019-10-14,210.0,228.0,220.0
2019-10-15,216.0,224.0,216.0
2019-10-16,214.0,222.0,220.0
2019-10-17,220.0,238.0,232.0
2019-10-18,230.0,242.0,234.0
2019-10-21,232.0,240.0,236.0
2019-10-22,232.0,240.0,236.0
2019-10-23,236.0,250.0,244.0
2019-10-24,242.0,254.0,250.0
2019-10-25,250.0,258.0,254.0
2019-10-28,250.0,258.0,250.0
2019-10-29,250.0,258.0,252.0
2019-10-30,226.0,256.0,246.0
2019-10-31,238.0,252.0,238.0
2019-11-01,238.0,250.0,244.0
2019-11-04,240.0,250.0,240.0
2019-11-05,238.0,244.0,244.0
2019-11-06,242.0,248.0,246.0
2019-11-07,242.0,248.0,248.0
2019-11-08,244.0,250.0,248.0
2019-11-11,246.0,250.0,250.0
2019-11-12,246.0,252.0,248.0
2019-11-13,240.0,250.0,240.0
2019-11-14,240.0,246.0,242.0
2019-11-15,240.0,244.0,244.0
2019-11-18,244.0,248.0,248.0
2019-11-19,246.0,250.0,250.0
2019-11-20,250.0,282.0,280.0
2019-11-21,272.0,296.0,294.0
2019-11-22,258.0,310.0,302.0
2019-11-25,270.0,320.0,318.0
2019-11-26,318.0,344.0,340.0
2019-11-27,332.0,350.0,336.0
2019-11-28,336.0,368.0,362.0
2019-11-29,360.0,394.0,368.0
2019-12-02,348.0,384.0,366.0
2019-12-03,364.0,378.0,364.0
2019-12-04,362.0,406.0,400.0
2019-12-05,320.0,402.0,326.0
2019-12-06,246.0,328.0,246.0
2019-12-09,185.0,230.0,185.0
2019-12-10,121.0,170.0,121.0
2019-12-11,79.0,99.0,79.0
2019-12-12,79.0,79.0,79.0
2019-12-13,52.0,79.0,52.0
2019-12-16,50.0,50.0,50.0
2019-12-17,50.0,50.0,50.0
2019-12-18,50.0,50.0,50.0
2019-12-19,50.0,50.0,50.0
2019-12-20,50.0,50.0,50.0
2019-12-23,50.0,50.0,50.0
2019-12-24,50.0,50.0,50.0
2019-12-25,50.0,50.0,50.0
2019-12-26,50.0,50.0,50.0
2019-12-27,50.0,50.0,50.0
2019-12-30,50.0,50.0,50.0
2019-12-31,50.0,50.0,50.0
2020-01-01,50.0,50.0,50.0
2020-01-02,50.0,50.0,50.0
2020-01-03,50.0,50.0,50.0
2020-01-06,50.0,50.0,50.0
2020-01-07,50.0,50.0,50.0
2020-01-08,50.0,50.0,50.0
2020-01-09,50.0,50.0,50.0
2020-01-10,50.0,50.0,50.0
2020-01-13,50.0,50.0,50.0
2020-01-14,50.0,50.0,50.0
2020-01-15,50.0,50.0,50.0
2020-01-16,50.0,50.0,50.0
2020-01-17,50.0,50.0,50.0
2020-01-20,50.0,50.0,50.0
2020-01-21,50.0,50.0,50.0
2020-01-22,50.0,50.0,50.0
2020-01-23,50.0,50.0,50.0
2020-01-24,50.0,50.0,50.0
2020-01-27,50.0,50.0,50.0
2020-01-28,50.0,50.0,50.0
2020-01-29,50.0,50.0,50.0
2020-01-30,50.0,50.0,50.0
2020-01-31,50.0,50.0,50.0
2020-02-03,50.0,50.0,50.0
2020-02-04,50.0,50.0,50.0
2020-02-05,50.0,50.0,50.0
2020-02-06,50.0,50.0,50.0
2020-02-07,50.0,50.0,50.0
2020-02-10,50.0,50.0,50.0
2020-02-11,50.0,50.0,50.0
2020-02-12,50.0,50.0,50.0
2020-02-13,50.0,50.0,50.0
2020-02-14,50.0,50.0,50.0
2020-02-17,50.0,50.0,50.0
2020-02-18,50.0,50.0,50.0
2020-02-19,50.0,50.0,50.0
2020-02-20,50.0,50.0,50.0
2020-02-21,50.0,50.0,50.0
2020-02-24,50.0,50.0,50.0
2020-02-25,50.0,50.0,50.0
2020-02-26,50.0,50.0,50.0
2020-02-27,50.0,50.0,50.0
2020-02-28,50.0,50.0,50.0
2020-03-02,50.0,50.0,50.0
2020-03-03,50.0,50.0,50.0
2020-03-04,50.0,50.0,50.0
2020-03-05,50.0,50.0,50.0
2020-03-06,50.0,50.0,50.0
2020-03-09,50.0,50.0,50.0
2020-03-10,50.0,50.0,50.0
2020-03-11,50.0,50.0,50.0
2020-03-12,50.0,50.0,50.0
2020-03-13,50.0,50.0,50.0
2020-03-16,50.0,50.0,50.0
2020-03-17,50.0,50.0,50.0
2020-03-18,50.0,50.0,50.0
2020-03-19,50.0,50.0,50.0
2020-03-20,50.0,50.0,50.0
2020-03-23,50.0,50.0,50.0
2020-03-24,50.0,50.0,50.0
2020-03-25,50.0,50.0,50.0
2020-03-26,50.0,50.0,50.0
2020-03-27,50.0,50.0,50.0
2020-03-30,50.0,50.0,50.0
2020-03-31,50.0,50.0,50.0
2020-04-01,50.0,50.0,50.0
2020-04-02,50.0,50.0,50.0
2020-04-03,50.0,50.0,50.0
2020-04-06,50.0,50.0,50.0
2020-04-07,50.0,50.0,50.0
2020-04-08,50.0,50.0,50.0
2020-04-09,50.0,50.0,50.0
2020-04-10,50.0,50.0,50.0
2020-04-13,50.0,50.0,50.0
2020-04-14,50.0,50.0,50.0
2020-04-15,50.0,50.0,50.0
2020-04-16,50.0,50.0,50.0
2020-04-17,50.0,50.0,50.0
2020-04-20,50.0,50.0,50.0
2020-04-21,50.0,50.0,50.0
2020-04-22,50.0,50.0,50.0
2020-04-23,50.0,50.0,50.0
2020-04-24,50.0,50.0,50.0
2020-04-27,50.0,50.0,50.0
2020-04-28,50.0,50.0,50.0
2020-04-29,50.0,50.0,50.0
2020-04-30,50.0,50.0,50.0
2020-05-01,50.0,50.0,50.0
2020-05-04,50.0,50.0,50.0
2020-05-05,50.0,50.0,50.0
2020-05-06,50.0,50.0,50.0
2020-05-07,50.0,50.0,50.0
2020-05-08,50.0,50.0,50.0
2020-05-11,50.0,50.0,50.0
2020-05-12,50.0,50.0,50.0
2020-05-13,50.0,50.0,50.0
2020-05-14,50.0,50.0,50.0
2020-05-15,50.0,50.0,50.0
2020-05-18,50.0,50.0,50.0
2020-05-19,50.0,50.0,50.0
2020-05-20,50.0,50.0,50.0
2020-05-21,50.0,50.0,50.0
2020-05-22,50.0,50.0,50.0
2020-05-25,50.0,50.0,50.0
2020-05-26,50.0,50.0,50.0
2020-05-27,50.0,50.0,50.0
2020-05-28,50.0,50.0,50.0
2020-05-29,50.0,50.0,50.0
2020-06-01,50.0,50.0,50.0
2020-06-02,50.0,50.0,50.0
2020-06-03,50.0,50.0,50.0
2020-06-04,50.0,50.0,50.0
2020-06-05,50.0,50.0,50.0
2020-06-08,50.0,50.0,50.0
2020-06-09,50.0,50.0,50.0
2020-06-10,50.0,50.0,50.0
2020-06-11,50.0,50.0,50.0
2020-06-12,50.0,50.0,50.0
2020-06-15,50.0,50.0,50.0
2020-06-16,50.0,50.0,50.0
2020-06-17,50.0,50.0,50.0
2020-06-18,50.0,50.0,50.0
2020-06-19,50.0,50.0,50.0
2020-06-22,50.0,50.0,50.0
2020-06-23,50.0,50.0,50.0
2020-06-24,50.0,50.0,50.0
2020-06-25,50.0,50.0,50.0
2020-06-26,50.0,50.0,50.0
2020-06-29,50.0,50.0,50.0
2020-06-30,50.0,50.0,50.0
2020-07-01,50.0,50.0,50.0
2020-07-02,50.0,50.0,50.0
2020-07-03,50.0,50.0,50.0
2020-07-06,50.0,50.0,50.0
2020-07-07,50.0,50.0,50.0
2020-07-08,50.0,50.0,50.0
2020-07-09,50.0,50.0,50.0
2020-07-10,50.0,50.0,50.0
2020-07-13,50.0,50.0,50.0
2020-07-14,50.0,50.0,50.0
2020-07-15,50.0,50.0,50.0
2020-07-16,50.0,50.0,50.0
2020-07-17,50.0,50.0,50.0
2020-07-20,50.0,50.0,50.0
2020-07-21,50.0,50.0,50.0
2020-07-22,50.0,50.0,50.0
2020-07-23,50.0,50.0,50.0
2020-07-24,50.0,50.0,50.0
2020-07-27,50.0,50.0,50.0
2020-07-28,50.0,50.0,50.0
2020-07-29,50.0,50.0,50.0
2020-07-30,50.0,50.0,50.0
2020-07-31,50.0,50.0,50.0
2020-08-03,50.0,50.0,50.0
2020-08-04,50.0,50.0,50.0
2020-08-05,50.0,50.0,50.0
2020-08-06,50.0,50.0,50.0
2020-08-07,50.0,50.0,50.0
2020-08-10,50.0,50.0,50.0
2020-08-11,50.0,50.0,50.0
2020-08-12,50.0,50.0,50.0
2020-08-13,50.0,50.0,50.0
2020-08-14,50.0,50.0,50.0
2020-08-17,50.0,50.0,50.0
2020-08-18,50.0,50.0,50.0
2020-08-19,50.0,50.0,50.0
2020-08-20,50.0,50.0,50.0
2020-08-21,50.0,50.0,50.0
2020-08-24,50.0,50.0,50.0
2020-08-25,50.0,50.0,50.0
2020-08-26,50.0,50.0,50.0
2020-08-27,50.0,50.0,50.0
2020-08-28,50.0,50.0,50.0
2020-08-31,50.0,50.0,50.0
2020-09-01,50.0,50.0,50.0
2020-09-02,50.0,50.0,50.0
2020-09-03,50.0,50.0,50.0
2020-09-04,50.0,50.0,50.0
2020-09-07,50.0,50.0,50.0
2020-09-08,50.0,50.0,50.0
2020-09-09,50.0,50.0,50.0
2020-09-10,50.0,50.0,50.0
2020-09-11,50.0,50.0,50.0
2020-09-14,50.0,50.0,50.0
2020-09-15,50.0,50.0,50.0
2020-09-16,50.0,50.0,50.0
2020-09-17,50.0,50.0,50.0
2020-09-18,50.0,50.0,50.0
2020-09-21,50.0,50.0,50.0
2020-09-22,50.0,50.0,50.0
2020-09-23,50.0,50.0,50.0
2020-09-24,50.0,50.0,50.0
2020-09-25,50.0,50.0,50.0
2020-09-28,50.0,50.0,50.0
2020-09-29,50.0,50.0,50.0
2020-09-30,50.0,50.0,50.0
2020-10-01,50.0,50.0,50.0
2020-10-02,50.0,50.0,50.0
2020-10-05,50.0,50.0,50.0
2020-10-06,50.0,50.0,50.0
2020-10-07,50.0,50.0,50.0
2020-10-08,50.0,50.0,50.0
2020-10-09,50.0,50.0,50.0
2020-10-12,50.0,50.0,50.0
2020-10-13,50.0,50.0,50.0
2020-10-14,50.0,50.0,50.0
2020-10-15,50.0,50.0,50.0
2020-10-16,50.0,50.0,50.0
2020-10-19,50.0,50.0,50.0
2020-10-20,50.0,50.0,50.0
2020-10-21,50.0,50.0,50.0
2020-10-22,50.0,50.0,50.0
2020-10-23,50.0,50.0,50.0
2020-10-26,50.0,50.0,50.0
2020-10-27,50.0,50.0,50.0
2020-10-28,50.0,50.0,50.0
2020-10-29,50.0,50.0,50.0
2020-10-30,50.0,50.0,50.0
2020-11-02,50.0,50.0,50.0
2020-11-03,50.0,50.0,50.0
2020-11-04,50.0,50.0,50.0
2020-11-05,50.0,50.0,50.0
2020-11-06,50.0,50.0,50.0
2020-11-09,50.0,50.0,50.0
2020-11-10,50.0,50.0,50.0
2020-11-11,50.0,50.0,50.0
2020-11-12,50.0,50.0,50.0
2020-11-13,50.0,50.0,50.0
2020-11-16,50.0,50.0,50.0
2020-11-17,50.0,50.0,50.0
2020-11-18,50.0,50.0,50.0
2020-11-19,50.0,50.0,50.0
2020-11-20,50.0,50.0,50.0
2020-11-23,50.0,50.0,50.0
2020-11-24,50.0,50.0,50.0
2020-11-25,50.0,50.0,50.0
2020-11-26,50.0,50.0,50.0
2020-11-27,50.0,50.0,50.0
2020-11-30,50.0,50.0,50.0
2020-12-01,50.0,50.0,50.0
2020-12-02,50.0,50.0,50.0
2020-12-03,50.0,50.0,50.0
2020-12-04,50.0,50.0,50.0
2020-12-07,50.0,50.0,50.0
2020-12-08,50.0,50.0,50.0
2020-12-09,50.0,50.0,50.0
2020-12-10,50.0,50.0,50.0
2020-12-11,50.0,50.0,50.0
2020-12-14,50.0,50.0,50.0
2020-12-15,50.0,50.0,50.0
2020-12-16,50.0,50.0,50.0
2020-12-17,50.0,50.0,50.0
2020-12-18,50.0,50.0,50.0
2020-12-21,50.0,50.0,50.0
2020-12-22,50.0,50.0,50.0
2020-12-23,50.0,50.0,50.0
2020-12-24,50.0,50.0,50.0
2020-12-25,50.0,50.0,50.0
2020-12-28,50.0,50.0,50.0
2020-12-29,50.0,50.0,50.0
2020-12-30,50.0,50.0,50.0
2020-12-31,50.0,50.0,50.0
2021-01-01,50.0,50.0,50.0
2021-01-04,50.0,50.0,50.0
2021-01-05,50.0,50.0,50.0
2021-01-06,50.0,50.0,50.0
2021-01-07,50.0,50.0,50.0
2021-01-08,50.0,50.0,50.0
2021-01-11,50.0,50.0,50.0
2021-01-12,50.0,50.0,50.0
2021-01-13,50.0,50.0,50.0
2021-01-14,50.0,50.0,50.0
2021-01-15,50.0,50.0,50.0
2021-01-18,50.0,50.0,50.0
2021-01-19,50.0,50.0,50.0
2021-01-20,50.0,50.0,50.0
2021-01-21,50.0,50.0,50.0
2021-01-22,50.0,50.0,50.0
2021-01-25,50.0,50.0,50.0
2021-01-26,50.0,50.0,50.0
2021-01-27,50.0,50.0,50.0
2021-01-28,50.0,50.0,50.0
2021-01-29,50.0,50.0,50.0
2021-02-01,50.0,50.0,50.0
2021-02-02,50.0,50.0,50.0
2021-02-03,50.0,50.0,50.0
2021-02-04,50.0,50.0,50.0
2021-02-05,50.0,50.0,50.0
2021-02-08,50.0,50.0,50.0
2021-02-09,50.0,50.0,50.0
2021-02-10,50.0,50.0,50.0
2021-02-11,50.0,50.0,50.0
2021-02-12,50.0,50.0,50.0
2021-02-15,50.0,50.0,50.0
2021-02-16,50.0,50.0,50.0
2021-02-17,50.0,50.0,50.0
2021-02-18,50.0,50.0,50.0
2021-02-19,50.0,50.0,50.0
2021-02-22,50.0,50.0,50.0
2021-02-23,50.0,50.0,50.0
2021-02-24,50.0,50.0,50.0
2021-02-25,50.0,50.0,50.0
2021-02-26,50.0,50.0,50.0
2021-03-01,50.0,50.0,50.0
2021-03-02,50.0,50.0,50.0
2021-03-03,50.0,50.0,50.0
2021-03-04,50.0,50.0,50.0
2021-03-05,50.0,50.0,50.0
2021-03-08,50.0,50.0,50.0
2021-03-09,50.0,50.0,50.0
2021-03-10,50.0,50.0,50.0
2021-03-11,50.0,50.0,50.0
2021-03-12,50.0,50.0,50.0
2021-03-15,50.0,50.0,50.0
2021-03-16,50.0,50.0,50.0
2021-03-17,50.0,50.0,50.0
2021-03-18,50.0,50.0,50.0
2021-03-19,50.0,50.0,50.0
2021-03-22,50.0,50.0,50.0
2021-03-23,50.0,50.0,50.0
2021-03-24,50.0,50.0,50.0
2021-03-25,50.0,50.0,50.0
2021-03-26,50.0,50.0,50.0
2021-03-29,50.0,50.0,50.0
2021-03-30,50.0,50.0,50.0
2021-03-31,50.0,50.0,50.0
2021-04-01,50.0,50.0,50.0
2021-04-02,50.0,50.0,50.0
2021-04-05,50.0,50.0,50.0
2021-04-06,50.0,50.0,50.0
2021-04-07,50.0,50.0,50.0
2021-04-08,50.0,50.0,50.0
2021-04-09,50.0,50.0,50.0
2021-04-12,50.0,50.0,50.0
2021-04-13,50.0,50.0,50.0
2021-04-14,50.0,50.0,50.0
2021-04-15,50.0,50.0,50.0
2021-04-16,50.0,50.0,50.0
2021-04-19,50.0,50.0,50.0
2021-04-20,50.0,50.0,50.0
2021-04-21,50.0,50.0,50.0
2021-04-22,50.0,50.0,50.0
2021-04-23,50.0,50.0,50.0
2021-04-26,50.0,50.0,50.0
2021-04-27,50.0,50.0,50.0
2021-04-28,50.0,50.0,50.0
2021-04-29,50.0,50.0,50.0
2021-04-30,50.0,50.0,50.0
2021-05-03,50.0,50.0,50.0
2021-05-04,50.0,50.0,50.0
2021-05-05,50.0,50.0,50.0
2021-05-06,50.0,50.0,50.0
2021-05-07,50.0,50.0,50.0
2021-05-10,50.0,50.0,50.0
2021-05-11,50.0,50.0,50.0
2021-05-12,50.0,50.0,50.0
2021-05-13,50.0,50.0,50.0
2021-05-14,50.0,50.0,50.0
2021-05-17,50.0,50.0,50.0
2021-05-18,50.0,50.0,50.0
2021-05-19,50.0,50.0,50.0
2021-05-20,50.0,50.0,50.0
2021-05-21,50.0,50.0,50.0
2021-05-24,50.0,50.0,50.0
2021-05-25,50.0,50.0,50.0
2021-05-26,50.0,50.0,50.0
2021-05-27,50.0,50.0,50.0
2021-05-28,50.0,50.0,50.0
2021-05-31,50.0,50.0,50.0
2021-06-01,50.0,50.0,50.0
2021-06-02,50.0,50.0,50.0
2021-06-03,50.0,50.0,50.0
2021-06-04,50.0,50.0,50.0
2021-06-07,50.0,50.0,50.0
2021-06-08,50.0,50.0,50.0
2021-06-09,50.0,50.0,50.0
2021-06-10,50.0,50.0,50.0
2021-06-11,50.0,50.0,50.0
2021-06-14,50.0,50.0,50.0
2021-06-15,50.0,50.0,50.0
2021-06-16,50.0,50.0,50.0
2021-06-17,50.0,50.0,50.0
2021-06-18,50.0,50.0,50.0
2021-06-21,50.0,50.0,50.0
2021-06-22,50.0,50.0,50.0
2021-06-23,50.0,50.0,50.0
2021-06-24,50.0,50.0,50.0
2021-06-25,50.0,50.0,50.0
2021-06-28,50.0,50.0,50.0
2021-06-29,50.0,50.0,50.0
2021-06-30,50.0,50.0,50.0
2021-07-01,50.0,50.0,50.0
2021-07-02,50.0,50.0,50.0
2021-07-05,50.0,50.0,50.0
2021-07-06,50.0,50.0,50.0
2021-07-07,50.0,50.0,50.0
2021-07-08,50.0,50.0,50.0
2021-07-09,50.0,50.0,50.0
2021-07-12,50.0,50.0,50.0
2021-07-13,50.0,50.0,50.0
2021-07-14,50.0,50.0,50.0
2021-07-15,50.0,50.0,50.0
2021-07-16,50.0,50.0,50.0
2021-07-19,50.0,50.0,50.0
2021-07-20,50.0,50.0,50.0
2021-07-21,50.0,50.0,50.0
2021-07-22,50.0,50.0,50.0
2021-07-23,50.0,50.0,50.0
2021-07-26,50.0,50.0,50.0
2021-07-27,50.0,50.0,50.0
2021-07-28,50.0,50.0,50.0
2021-07-29,50.0,50.0,50.0
2021-07-30,50.0,50.0,50.0
2021-08-02,50.0,50.0,50.0
2021-08-03,50.0,50.0,50.0
2021-08-04,50.0,50.0,50.0
2021-08-05,50.0,50.0,50.0
2021-08-06,50.0,50.0,50.0
2021-08-09,50.0,50.0,50.0
2021-08-10,50.0,50.0,50.0
2021-08-11,50.0,50.0,50.0
2021-08-12,50.0,50.0,50.0
2021-08-13,50.0,50.0,50.0
2021-08-16,50.0,50.0,50.0
2021-08-17,50.0,50.0,50.0
2021-08-18,50.0,50.0,50.0
2021-08-19,50.0,50.0,50.0
2021-08-20,50.0,50.0,50.0
2021-08-23,50.0,50.0,50.0
2021-08-24,50.0,50.0,50.0
2021-08-25,50.0,50.0,50.0
2021-08-26,50.0,50.0,50.0
2021-08-27,50.0,50.0,50.0
2021-08-30,50.0,50.0,50.0
2021-08-31,50.0,50.0,50.0
2021-09-01,50.0,50.0,50.0
2021-09-02,50.0,50.0,50.0
2021-09-03,50.0,50.0,50.0
2021-09-06,50.0,50.0,50.0
2021-09-07,50.0,50.0,50.0
2021-09-08,50.0,50.0,50.0
2021-09-09,50.0,50.0,50.0
2021-09-10,50.0,50.0,50.0
2021-09-13,50.0,50.0,50.0
2021-09-14,50.0,50.0,50.0
2021-09-15,50.0,50.0,50.0
2021-09-16,50.0,50.0,50.0
2021-09-17,50.0,50.0,50.0
2021-09-20,50.0,50.0,50.0
2021-09-21,50.0,50.0,50.0
2021-09-22,50.0,50.0,50.0
2021-09-23,50.0,50.0,50.0
2021-09-24,50.0,50.0,50.0
2021-09-27,50.0,50.0,50.0
2021-09-28,50.0,50.0,50.0
2021-09-29,50.0,50.0,50.0
2021-09-30,50.0,50.0,50.0
2021-10-01,50.0,50.0,50.0
2021-10-04,50.0,50.0,50.0
2021-10-05,50.0,50.0,50.0
2021-10-06,50.0,50.0,50.0
2021-10-07,50.0,50.0,50.0
2021-10-08,50.0,50.0,50.0
2021-10-11,50.0,50.0,50.0
2021-10-12,50.0,50.0,50.0
2021-10-13,50.0,50.0,50.0
2021-10-14,50.0,50.0,50.0
2021-10-15,50.0,50.0,50.0
2021-10-18,50.0,50.0,50.0
2021-10-19,50.0,50.0,50.0
2021-10-20,50.0,50.0,50.0
2021-10-21,50.0,50.0,50.0
2021-10-22,50.0,50.0,50.0
2021-10-25,50.0,50.0,50.0
2021-10-26,50.0,50.0,50.0
2021-10-27,50.0,50.0,50.0
2021-10-28,50.0,50.0,50.0
2021-10-29,50.0,50.0,50.0
2021-11-01,50.0,50.0,50.0
2021-11-02,50.0,50.0,50.0
2021-11-03,50.0,50.0,50.0
2021-11-04,50.0,50.0,50.0
2021-11-05,50.0,50.0,50.0
2021-11-08,50.0,50.0,50.0
2021-11-09,50.0,50.0,50.0
2021-11-10,50.0,50.0,50.0
2021-11-11,50.0,50.0,50.0
2021-11-12,50.0,50.0,50.0
2021-11-15,50.0,50.0,50.0
2021-11-16,50.0,50.0,50.0
2021-11-17,50.0,50.0,50.0
2021-11-18,50.0,50.0,50.0
2021-11-19,50.0,50.0,50.0
2021-11-22,50.0,50.0,50.0
2021-11-23,50.0,50.0,50.0
2021-11-24,50.0,50.0,50.0
2021-11-25,50.0,50.0,50.0
2021-11-26,50.0,50.0,50.0
2021-11-29,50.0,50.0,50.0
2021-11-30,50.0,50.0,50.0
2021-12-01,50.0,50.0,50.0
2021-12-02,50.0,50.0,50.0
2021-12-03,50.0,50.0,50.0
2021-12-06,50.0,50.0,50.0
2021-12-07,50.0,50.0,50.0
2021-12-08,50.0,50.0,50.0
2021-12-09,50.0,50.0,50.0
2021-12-10,50.0,50.0,50.0
2021-12-13,50.0,50.0,50.0
2021-12-14,50.0,50.0,50.0
2021-12-15,50.0,50.0,50.0
2021-12-16,50.0,50.0,50.0
2021-12-17,50.0,50.0,50.0
2021-12-20,50.0,50.0,50.0
2021-12-21,50.0,50.0,50.0
2021-12-22,50.0,50.0,50.0
2021-12-23,50.0,50.0,50.0
2021-12-24,50.0,50.0,50.0
2021-12-27,50.0,50.0,50.0
2021-12-28,50.0,50.0,50.0
2021-12-29,50.0,50.0,50.0
2021-12-30,50.0,50.0,50.0
2021-12-31,50.0,50.0,50.0
2022-01-03,50.0,50.0,50.0
2022-01-04,50.0,50.0,50.0
2022-01-05,50.0,50.0,50.0
2022-01-06,50.0,50.0,50.0
2022-01-07,50.0,50.0,50.0
2022-01-10,50.0,50.0,50.0
2022-01-11,50.0,50.0,50.0
2022-01-12,50.0,50.0,50.0
2022-01-13,50.0,50.0,50.0
2022-01-14,50.0,50.0,50.0
2022-01-17,50.0,50.0,50.0
2022-01-18,50.0,50.0,50.0
2022-01-19,50.0,50.0,50.0
2022-01-20,50.0,50.0,50.0
2022-01-21,50.0,50.0,50.0
2022-01-24,50.0,50.0,50.0
2022-01-25,50.0,50.0,50.0
2022-01-26,50.0,50.0,50.0
2022-01-27,50.0,50.0,50.0
2022-01-28,50.0,50.0,50.0
2022-01-31,50.0,50.0,50.0
2022-02-01,50.0,50.0,50.0
2022-02-02,50.0,50.0,50.0
2022-02-03,50.0,50.0,50.0
2022-02-04,50.0,50.0,50.0
2022-02-07,50.0,50.0,50.0
2022-02-08,50.0,50.0,50.0
2022-02-09,50.0,50.0,50.0
2022-02-10,50.0,50.0,50.0
2022-02-11,50.0,50.0,50.0
2022-02-14,50.0,50.0,50.0
2022-02-15,50.0,50.0,50.0
2022-02-16,50.0,50.0,50.0
2022-02-17,50.0,50.0,50.0
2022-02-18,50.0,50.0,50.0
2022-02-21,50.0,50.0,50.0
2022-02-22,50.0,50.0,50.0
2022-02-23,50.0,50.0,50.0
2022-02-24,50.0,50.0,50.0
2022-02-25,50.0,50.0,50.0
2022-02-28,50.0,50.0,50.0
2022-03-01,50.0,50.0,50.0
2022-03-02,50.0,50.0,50.0
2022-03-03,50.0,50.0,50.0
2022-03-04,50.0,50.0,50.0
2022-03-07,50.0,50.0,50.0
2022-03-08,50.0,50.0,50.0
2022-03-09,50.0,50.0,50.0
2022-03-10,50.0,50.0,50.0
2022-03-11,50.0,50.0,50.0
2022-03-14,50.0,50.0,50.0
2022-03-15,50.0,50.0,50.0
2022-03-16,50.0,50.0,50.0
2022-03-17,50.0,50.0,50.0
2022-03-18,50.0,50.0,50.0
2022-03-21,50.0,50.0,50.0
2022-03-22,50.0,50.0,50.0
2022-03-23,50.0,50.0,50.0
2022-03-24,50.0,50.0,50.0
2022-03-25,50.0,50.0,50.0
2022-03-28,50.0,50.0,50.0
2022-03-29,50.0,50.0,50.0
2022-03-30,50.0,50.0,50.0
2022-03-31,50.0,50.0,50.0
2022-04-01,50.0,50.0,50.0
2022-04-04,50.0,50.0,50.0
2022-04-05,50.0,50.0,50.0
2022-04-06,50.0,50.0,50.0
2022-04-07,50.0,50.0,50.0
2022-04-08,50.0,50.0,50.0
2022-04-11,50.0,50.0,50.0
2022-04-12,50.0,50.0,50.0
2022-04-13,50.0,50.0,50.0
2022-04-14,50.0,50.0,50.0
2022-04-15,50.0,50.0,50.0
2022-04-18,50.0,50.0,50.0
2022-04-19,50.0,50.0,50.0
2022-04-20,50.0,50.0,50.0
2022-04-21,50.0,50.0,50.0
2022-04-22,50.0,50.0,50.0
2022-04-25,50.0,50.0,50.0
2022-04-26,50.0,50.0,50.0
2022-04-27,50.0,50.0,50.0
2022-04-28,50.0,50.0,50.0
2022-04-29,50.0,50.0,50.0
2022-05-02,50.0,50.0,50.0
2022-05-03,50.0,50.0,50.0
2022-05-04,50.0,50.0,50.0
2022-05-05,50.0,50.0,50.0
2022-05-06,50.0,50.0,50.0
2022-05-09,50.0,50.0,50.0
2022-05-10,50.0,50.0,50.0
2022-05-11,50.0,50.0,50.0
2022-05-12,50.0,50.0,50.0
2022-05-13,50.0,50.0,50.0
2022-05-16,50.0,50.0,50.0
2022-05-17,50.0,50.0,50.0
2022-05-18,50.0,50.0,50.0
2022-05-19,50.0,50.0,50.0
2022-05-20,50.0,50.0,50.0
2022-05-23,50.0,50.0,50.0
2022-05-24,50.0,50.0,50.0
2022-05-25,50.0,50.0,50.0
2022-05-26,50.0,50.0,50.0
2022-05-27,50.0,50.0,50.0
2022-05-30,50.0,50.0,50.0
2022-05-31,50.0,50.0,50.0
2022-06-01,50.0,50.0,50.0
2022-06-02,50.0,50.0,50.0
2022-06-03,50.0,50.0,50.0
2022-06-06,50.0,50.0,50.0
2022-06-07,50.0,50.0,50.0
2022-06-08,50.0,50.0,50.0
2022-06-09,50.0,50.0,50.0
2022-06-10,50.0,50.0,50.0
2022-06-13,50.0,50.0,50.0
2022-06-14,50.0,50.0,50.0
2022-06-15,50.0,50.0,50.0
2022-06-16,50.0,50.0,50.0
2022-06-17,50.0,50.0,50.0
2022-06-20,50.0,50.0,50.0
2022-06-21,50.0,50.0,50.0
2022-06-22,50.0,50.0,50.0
2022-06-23,50.0,50.0,50.0
2022-06-24,50.0,50.0,50.0
2022-06-27,50.0,50.0,50.0
2022-06-28,50.0,50.0,50.0
2022-06-29,50.0,50.0,50.0
2022-06-30,50.0,50.0,50.0
2022-07-01,50.0,50.0,50.0
2022-07-04,50.0,50.0,50.0
2022-07-05,50.0,50.0,50.0
2022-07-06,50.0,50.0,50.0
2022-07-07,50.0,50.0,50.0
2022-07-08,50.0,50.0,50.0
2022-07-11,50.0,50.0,50.0
2022-07-12,50.0,50.0,50.0
2022-07-13,50.0,50.0,50.0
2022-07-14,50.0,50.0,50.0
2022-07-15,50.0,50.0,50.0
2022-07-18,50.0,50.0,50.0
2022-07-19,50.0,50.0,50.0
2022-07-20,50.0,50.0,50.0
2022-07-21,50.0,50.0,50.0
2022-07-22,50.0,50.0,50.0
2022-07-25,50.0,50.0,50.0
2022-07-26,50.0,50.0,50.0
2022-07-27,50.0,50.0,50.0
2022-07-28,50.0,50.0,50.0
2022-07-29,50.0,50.0,50.0
2022-08-01,50.0,50.0,50.0
2022-08-02,50.0,50.0,50.0
2022-08-03,50.0,50.0,50.0
2022-08-04,50.0,50.0,50.0
2022-08-05,50.0,50.0,50.0
2022-08-08,50.0,50.0,50.0
2022-08-09,50.0,50.0,50.0
2022-08-10,50.0,50.0,50.0
2022-08-11,50.0,50.0,50.0
2022-08-12,50.0,50.0,50.0
2022-08-15,50.0,50.0,50.0
2022-08-16,50.0,50.0,50.0
2022-08-17,50.0,50.0,50.0
2022-08-18,50.0,50.0,50.0
2022-08-19,50.0,50.0,50.0
2022-08-22,50.0,50.0,50.0
2022-08-23,50.0,50.0,50.0
2022-08-24,50.0,50.0,50.0
2022-08-25,50.0,50.0,50.0
2022-08-26,50.0,50.0,50.0
2022-08-29,50.0,50.0,50.0
2022-08-30,50.0,50.0,50.0
2022-08-31,50.0,50.0,50.0
2022-09-01,50.0,50.0,50.0
2022-09-02,50.0,50.0,50.0
2022-09-05,50.0,50.0,50.0
2022-09-06,50.0,50.0,50.0
2022-09-07,50.0,50.0,50.0
2022-09-08,50.0,50.0,50.0
2022-09-09,50.0,50.0,50.0
2022-09-12,50.0,50.0,50.0
2022-09-13,50.0,50.0,50.0
2022-09-14,50.0,50.0,50.0
2022-09-15,50.0,50.0,50.0
2022-09-16,50.0,50.0,50.0
2022-09-19,50.0,50.0,50.0
2022-09-20,50.0,50.0,50.0
2022-09-21,50.0,50.0,50.0
2022-09-22,50.0,50.0,50.0
2022-09-23,50.0,50.0,50.0
2022-09-26,50.0,50.0,50.0
2022-09-27,50.0,50.0,50.0
2022-09-28,50.0,50.0,50.0
2022-09-29,50.0,50.0,50.0
2022-09-30,50.0,50.0,50.0
2022-10-03,50.0,50.0,50.0
2022-10-04,50.0,50.0,50.0
2022-10-05,50.0,50.0,50.0
2022-10-06,50.0,50.0,50.0
2022-10-07,50.0,50.0,50.0
2022-10-10,50.0,50.0,50.0
2022-10-11,50.0,50.0,50.0
2022-10-12,50.0,50.0,50.0
2022-10-13,50.0,50.0,50.0
2022-10-14,50.0,50.0,50.0
2022-10-17,50.0,50.0,50.0
2022-10-18,50.0,50.0,50.0
2022-10-19,50.0,50.0,50.0
2022-10-20,50.0,50.0,50.0
2022-10-21,50.0,50.0,50.0
2022-10-24,50.0,50.0,50.0
2022-10-25,50.0,50.0,50.0
2022-10-26,50.0,50.0,50.0
2022-10-27,50.0,50.0,50.0
2022-10-28,50.0,50.0,50.0
2022-10-31,50.0,50.0,50.0
2022-11-01,50.0,50.0,50.0
2022-11-02,50.0,50.0,50.0
2022-11-03,50.0,50.0,50.0
2022-11-04,50.0,50.0,50.0
2022-11-07,50.0,50.0,50.0
2022-11-08,50.0,50.0,50.0
2022-11-09,50.0,50.0,50.0
2022-11-10,50.0,50.0,50.0
2022-11-11,50.0,50.0,50.0
2022-11-14,50.0,50.0,50.0
2022-11-15,50.0,50.0,50.0
2022-11-16,50.0,50.0,50.0
2022-11-17,50.0,50.0,50.0
2022-11-18,50.0,50.0,50.0
2022-11-21,50.0,50.0,50.0
2022-11-22,50.0,50.0,50.0
2022-11-23,50.0,50.0,50.0
2022-11-24,50.0,50.0,50.0
2022-11-25,50.0,50.0,50.0
2022-11-28,50.0,50.0,50.0
2022-11-29,50.0,50.0,50.0
2022-11-30,50.0,50.0,50.0
2022-12-01,50.0,50.0,50.0
2022-12-02,50.0,50.0,50.0
2022-12-05,50.0,50.0,50.0
2022-12-06,50.0,50.0,50.0
2022-12-07,50.0,50.0,50.0
2022-12-08,50.0,50.0,50.0
2022-12-09,50.0,50.0,50.0
2022-12-12,50.0,50.0,50.0
2022-12-13,50.0,50.0,50.0
2022-12-14,50.0,50.0,50.0
2022-12-15,50.0,50.0,50.0
2022-12-16,50.0,50.0,50.0
2022-12-19,50.0,50.0,50.0
2022-12-20,50.0,50.0,50.0
2022-12-21,50.0,50.0,50.0
2022-12-22,50.0,50.0,50.0
2022-12-26,50.0,50.0,50.0
2022-12-27,50.0,50.0,50.0
2022-12-28,50.0,50.0,50.0
2022-12-29,50.0,50.0,50.0
2022-12-30,50.0,50.0,50.0
2023-01-02,50.0,50.0,50.0
2023-01-03,50.0,50.0,50.0
2023-01-04,50.0,50.0,50.0
2023-01-05,50.0,50.0,50.0
2023-01-06,50.0,50.0,50.0
2023-01-09,0.0,0.0,50.0
2023-01-10,0.0,0.0,50.0
2023-01-11,0.0,0.0,50.0
2023-01-12,0.0,0.0,50.0
2023-01-13,0.0,0.0,50.0
2023-01-16,0.0,0.0,50.0
2023-01-17,0.0,0.0,50.0
2023-01-18,0.0,0.0,50.0
2023-01-19,0.0,0.0,50.0
2023-01-20,0.0,0.0,50.0
2023-01-24,0.0,0.0,50.0
2023-01-25,0.0,0.0,50.0
2023-01-26,0.0,0.0,50.0
2023-01-27,0.0,0.0,50.0
2023-01-30,0.0,0.0,50.0
2023-01-31,0.0,0.0,50.0
2023-02-01,0.0,0.0,50.0
2023-02-02,0.0,0.0,50.0
2023-02-03,0.0,0.0,50.0
2023-02-06,0.0,0.0,50.0
2023-02-07,0.0,0.0,50.0
2023-02-08,0.0,0.0,50.0
2023-02-09,0.0,0.0,50.0
2023-02-10,0.0,0.0,50.0
2023-02-13,0.0,0.0,50.0
2023-02-14,0.0,0.0,50.0
2023-02-15,0.0,0.0,50.0
2023-02-16,0.0,0.0,50.0
2023-02-17,0.0,0.0,50.0
2023-02-20,0.0,0.0,50.0
2023-02-21,0.0,0.0,50.0
2023-02-22,0.0,0.0,50.0
2023-02-23,0.0,0.0,50.0
2023-02-24,0.0,0.0,50.0
2023-02-27,0.0,0.0,50.0
2023-02-28,0.0,0.0,50.0
2023-03-01,0.0,0.0,50.0
2023-03-02,0.0,0.0,50.0
2023-03-03,0.0,0.0,50.0
2023-03-06,0.0,0.0,50.0
2023-03-07,0.0,0.0,50.0
2023-03-08,0.0,0.0,50.0
2023-03-09,0.0,0.0,50.0
2023-03-10,0.0,0.0,50.0
2023-03-13,0.0,0.0,50.0
2023-03-14,0.0,0.0,50.0
2023-03-15,0.0,0.0,50.0
2023-03-16,0.0,0.0,50.0
2023-03-17,0.0,0.0,50.0
2023-03-20,0.0,0.0,50.0
2023-03-21,0.0,0.0,50.0
2023-03-24,0.0,0.0,50.0
2023-03-27,0.0,0.0,50.0
2023-03-28,0.0,0.0,50.0
2023-03-29,0.0,0.0,50.0
2023-03-30,0.0,0.0,50.0
2023-03-31,0.0,0.0,50.0
2023-04-03,0.0,0.0,50.0
2023-04-04,0.0,0.0,50.0
2023-04-05,0.0,0.0,50.0
2023-04-06,0.0,0.0,50.0
2023-04-10,0.0,0.0,50.0
2023-04-11,0.0,0.0,50.0
2023-04-12,0.0,0.0,50.0
2023-04-13,0.0,0.0,50.0
2023-04-14,0.0,0.0,50.0
2023-04-17,0.0,0.0,50.0
2023-04-18,0.0,0.0,50.0
2023-04-25,0.0,0.0,50.0
2023-04-26,0.0,0.0,50.0
2023-04-27,0.0,0.0,50.0
2023-04-28,0.0,0.0,50.0
2023-05-02,0.0,0.0,50.0
2023-05-03,0.0,0.0,50.0
2023-05-04,0.0,0.0,50.0
2023-05-05,0.0,0.0,50.0
2023-05-08,0.0,0.0,50.0
2023-05-09,0.0,0.0,50.0
2023-05-10,0.0,0.0,50.0
2023-05-11,0.0,0.0,50.0
2023-05-12,0.0,0.0,50.0
2023-05-15,0.0,0.0,50.0
2023-05-16,0.0,0.0,50.0
2023-05-17,0.0,0.0,50.0
2023-05-19,0.0,0.0,50.0
2023-05-22,0.0,0.0,50.0
2023-05-23,0.0,0.0,50.0
2023-05-24,0.0,0.0,50.0
2023-05-25,0.0,0.0,50.0
2023-05-26,0.0,0.0,50.0
2023-05-29,0.0,0.0,50.0
2023-05-30,0.0,0.0,50.0
2023-05-31,0.0,0.0,50.0
2023-06-05,0.0,0.0,50.0
2023-06-06,0.0,0.0,50.0
2023-06-07,0.0,0.0,50.0
2023-06-08,0.0,0.0,50.0
2023-06-09,0.0,0.0,50.0
2023-06-12,0.0,0.0,50.0
2023-06-13,0.0,0.0,50.0
2023-06-14,0.0,0.0,50.0
2023-06-15,0.0,0.0,50.0
2023-06-16,0.0,0.0,50.0
2023-06-19,0.0,0.0,50.0
2023-06-20,0.0,0.0,50.0
2023-06-21,0.0,0.0,50.0
2023-06-22,0.0,0.0,50.0
2023-06-23,0.0,0.0,50.0
2023-06-26,0.0,0.0,50.0
2023-06-27,0.0,0.0,50.0
2023-07-03,0.0,0.0,50.0
2023-07-04,0.0,0.0,50.0
2023-07-05,0.0,0.0,50.0
2023-07-06,0.0,0.0,50.0
2023-07-07,0.0,0.0,50.0
2023-07-10,0.0,0.0,50.0
2023-07-11,0.0,0.0,50.0
2023-07-12,0.0,0.0,50.0
2023-07-13,0.0,0.0,50.0
2023-07-14,0.0,0.0,50.0
2023-07-17,0.0,0.0,50.0
2023-07-18,0.0,0.0,50.0
2023-07-20,0.0,0.0,50.0
2023-07-21,0.0,0.0,50.0
2023-07-24,0.0,0.0,50.0
2023-07-25,0.0,0.0,50.0
2023-07-26,0.0,0.0,50.0
2023-07-27,0.0,0.0,50.0
2023-07-28,0.0,0.0,50.0
2023-07-31,0.0,0.0,50.0
2023-08-01,0.0,0.0,50.0
2023-08-02,0.0,0.0,50.0
2023-08-03,0.0,0.0,50.0
2023-08-04,0.0,0.0,50.0
2023-08-07,0.0,0.0,50.0
2023-08-08,0.0,0.0,50.0
2023-08-09,0.0,0.0,50.0
2023-08-10,0.0,0.0,50.0
2023-08-11,0.0,0.0,50.0
2023-08-14,0.0,0.0,50.0
2023-08-15,0.0,0.0,50.0
2023-08-16,0.0,0.0,50.0
2023-08-18,0.0,0.0,50.0
2023-08-21,0.0,0.0,50.0
2023-08-22,0.0,0.0,50.0
2023-08-23,0.0,0.0,50.0
2023-08-24,0.0,0.0,50.0
2023-08-25,0.0,0.0,50.0
2023-08-28,0.0,0.0,50.0
2023-08-29,0.0,0.0,50.0
2023-08-30,0.0,0.0,50.0
2023-08-31,0.0,0.0,50.0
2023-09-01,0.0,0.0,50.0
2023-09-04,0.0,0.0,50.0
2023-09-05,0.0,0.0,50.0
2023-09-06,0.0,0.0,50.0
2023-09-07,0.0,0.0,50.0
2023-09-08,0.0,0.0,50.0
2023-09-11,0.0,0.0,50.0
2023-09-12,0.0,0.0,50.0
2023-09-13,0.0,0.0,50.0
2023-09-14,0.0,0.0,50.0
2023-09-15,0.0,0.0,50.0
2023-09-18,0.0,0.0,50.0
2023-09-19,0.0,0.0,50.0
2023-09-20,0.0,0.0,50.0
2023-09-21,0.0,0.0,50.0
2023-09-22,0.0,0.0,50.0
2023-09-25,0.0,0.0,50.0
2023-09-26,0.0,0.0,50.0
2023-09-27,0.0,0.0,50.0
2023-09-29,0.0,0.0,50.0
2023-10-02,0.0,0.0,50.0
2023-10-03,0.0,0.0,50.0
2023-10-04,0.0,0.0,50.0
2023-10-05,0.0,0.0,50.0
2023-10-06,0.0,0.0,50.0
2023-10-09,0.0,0.0,50.0
2023-10-10,0.0,0.0,50.0
2023-10-11,0.0,0.0,50.0
2023-10-12,0.0,0.0,50.0
2023-10-13,0.0,0.0,50.0
2023-10-16,0.0,0.0,50.0
2023-10-17,0.0,0.0,50.0
2023-10-18,0.0,0.0,50.0
2023-10-19,0.0,0.0,50.0
2023-10-20,0.0,0.0,50.0
2023-10-23,0.0,0.0,50.0
2023-10-24,0.0,0.0,50.0
2023-10-25,0.0,0.0,50.0
2023-10-26,0.0,0.0,50.0
2023-10-27,0.0,0.0,50.0
2023-10-30,0.0,0.0,50.0
2023-10-31,0.0,0.0,50.0
2023-11-01,0.0,0.0,50.0
2023-11-02,0.0,0.0,50.0
2023-11-03,0.0,0.0,50.0
2023-11-06,0.0,0.0,50.0
2023-11-07,0.0,0.0,50.0
2023-11-08,0.0,0.0,50.0
2023-11-09,0.0,0.0,50.0
2023-11-10,0.0,0.0,50.0
2023-11-13,0.0,0.0,50.0
2023-11-14,0.0,0.0,50.0
2023-11-15,0.0,0.0,50.0
2023-11-16,0.0,0.0,50.0
2023-11-17,0.0,0.0,50.0
2023-11-20,0.0,0.0,50.0
2023-11-21,0.0,0.0,50.0
2023-11-22,0.0,0.0,50.0
2023-11-23,0.0,0.0,50.0
2023-11-24,0.0,0.0,50.0
2023-11-27,0.0,0.0,50.0
2023-11-28,0.0,0.0,50.0
2023-11-29,0.0,0.0,50.0
2023-11-30,0.0,0.0,50.0
2023-12-01,0.0,0.0,50.0
2023-12-04,0.0,0.0,50.0
2023-12-05,0.0,0.0,50.0
2023-12-06,0.0,0.0,50.0
2023-12-07,0.0,0.0,50.0
2023-12-08,0.0,0.0,50.0
2023-12-11,0.0,0.0,50.0
2023-12-12,0.0,0.0,50.0
2023-12-13,0.0,0.0,50.0
2023-12-14,0.0,0.0,50.0
2023-12-15,0.0,0.0,50.0
2023-12-18,0.0,0.0,50.0
2023-12-19,0.0,0.0,50.0
2023-12-20,0.0,0.0,50.0
2023-12-21,0.0,0.0,50.0
2023-12-22,0.0,0.0,50.0
2023-12-27,0.0,0.0,50.0
2023-12-28,0.0,0.0,50.0
2023-12-29,0.0,0.0,50.0
2024-01-02,0.0,0.0,50.0
2024-01-03,0.0,0.0,50.0
2024-01-04,0.0,0.0,50.0
2024-01-05,0.0,0.0,50.0
2024-01-08,0.0,0.0,50.0
2024-01-09,0.0,0.0,50.0
2024-01-10,0.0,0.0,50.0
2024-01-11,0.0,0.0,50.0
2024-01-12,0.0,0.0,50.0
2024-01-15,0.0,0.0,50.0
2024-01-16,0.0,0.0,50.0
2024-01-17,0.0,0.0,50.0
2024-01-18,0.0,0.0,50.0
2024-01-19,0.0,0.0,50.0
2024-01-22,0.0,0.0,50.0
2024-01-23,0.0,0.0,50.0
2024-01-24,0.0,0.0,50.0
2024-01-25,0.0,0.0,50.0
2024-01-26,0.0,0.0,50.0
2024-01-29,0.0,0.0,50.0
2024-01-30,0.0,0.0,50.0
2024-01-31,0.0,0.0,50.0
2024-02-01,0.0,0.0,50.0
2024-02-02,0.0,0.0,50.0
2024-02-05,0.0,0.0,50.0
2024-02-06,0.0,0.0,50.0
2024-02-07,0.0,0.0,50.0
2024-02-12,0.0,0.0,50.0
2024-02-13,0.0,0.0,50.0
2024-02-15,0.0,0.0,50.0
2024-02-16,0.0,0.0,50.0
2024-02-19,0.0,0.0,50.0
2024-02-20,0.0,0.0,50.0
2024-02-21,0.0,0.0,50.0
2024-02-22,0.0,0.0,50.0
2024-02-23,0.0,0.0,50.0
2024-02-26,0.0,0.0,50.0
2024-02-27,0.0,0.0,50.0
2024-02-28,0.0,0.0,50.0
2024-02-29,0.0,0.0,50.0
2024-03-01,0.0,0.0,50.0
2024-03-04,0.0,0.0,50.0
2024-03-05,0.0,0.0,50.0
2024-03-06,0.0,0.0,50.0
2024-03-07,0.0,0.0,50.0
2024-03-08,0.0,0.0,50.0
2024-03-13,0.0,0.0,50.0
2024-03-14,0.0,0.0,50.0
2024-03-15,0.0,0.0,50.0
2024-03-18,0.0,0.0,50.0
2024-03-19,0.0,0.0,50.0
2024-03-20,0.0,0.0,50.0
2024-03-21,0.0,0.0,50.0
2024-03-22,0.0,0.0,50.0
2024-03-25,0.0,0.0,50.0
2024-03-26,0.0,0.0,50.0
2024-03-27,0.0,0.0,50.0
2024-03-28,0.0,0.0,50.0
2024-04-01,0.0,0.0,50.0
2024-04-02,0.0,0.0,50.0
2024-04-03,0.0,0.0,50.0
2024-04-04,0.0,0.0,50.0
2024-04-05,0.0,0.0,50.0
2024-04-16,0.0,0.0,50.0
2024-04-17,0.0,0.0,50.0
2024-04-18,0.0,0.0,50.0
2024-04-19,0.0,0.0,50.0
2024-04-22,0.0,0.0,50.0
2024-04-23,0.0,0.0,50.0
2024-04-24,0.0,0.0,50.0
2024-04-25,0.0,0.0,50.0
2024-04-26,0.0,0.0,50.0
2024-04-29,0.0,0.0,50.0
2024-04-30,0.0,0.0,50.0
2024-05-02,0.0,0.0,50.0
2024-05-03,0.0,0.0,50.0
2024-05-06,0.0,0.0,50.0
2024-05-07,0.0,0.0,50.0
2024-05-08,0.0,0.0,50.0
2024-05-13,0.0,0.0,50.0
2024-05-14,0.0,0.0,50.0
2024-05-15,0.0,0.0,50.0
2024-05-16,0.0,0.0,50.0
2024-05-17,0.0,0.0,50.0
2024-05-20,0.0,0.0,50.0
2024-05-21,0.0,0.0,50.0
2024-05-22,0.0,0.0,50.0
2024-05-27,0.0,0.0,50.0
2024-05-28,0.0,0.0,50.0
2024-05-29,0.0,0.0,50.0
2024-05-30,0.0,0.0,50.0
2024-05-31,0.0,0.0,50.0
2024-06-03,0.0,0.0,50.0
2024-06-04,0.0,0.0,50.0
2024-06-05,0.0,0.0,50.0
2024-06-06,0.0,0.0,50.0
2024-06-07,0.0,0.0,50.0
2024-06-10,0.0,0.0,50.0
2024-06-11,0.0,0.0,50.0
2024-06-12,0.0,0.0,50.0
2024-06-13,0.0,0.0,50.0
2024-06-14,0.0,0.0,50.0
2024-06-19,0.0,0.0,50.0
2024-06-20,0.0,0.0,50.0
2024-06-21,0.0,0.0,50.0
2024-06-24,0.0,0.0,50.0
2024-06-25,0.0,0.0,50.0
2024-06-26,0.0,0.0,50.0
2024-06-27,0.0,0.0,50.0
2024-06-28,0.0,0.0,50.0
2024-07-01,0.0,0.0,50.0
2024-07-02,0.0,0.0,50.0
2024-07-03,0.0,0.0,50.0
2024-07-04,0.0,0.0,50.0
2024-07-05,0.0,0.0,50.0
2024-07-08,0.0,0.0,50.0
2024-07-09,0.0,0.0,50.0
2024-07-10,0.0,0.0,50.0
2024-07-11,0.0,0.0,50.0
2024-07-12,0.0,0.0,50.0
2024-07-15,0.0,0.0,50.0
2024-07-16,0.0,0.0,50.0
2024-07-17,0.0,0.0,50.0
2024-07-18,0.0,0.0,50.0
2024-07-19,0.0,0.0,50.0
2024-07-22,0.0,0.0,50.0
2024-07-23,0.0,0.0,50.0
2024-07-24,0.0,0.0,50.0
2024-07-25,0.0,0.0,50.0
2024-07-26,0.0,0.0,50.0
2024-07-29,0.0,0.0,50.0
2024-07-30,0.0,0.0,50.0
2024-07-31,0.0,0.0,50.0
2024-08-01,0.0,0.0,50.0
2024-08-02,0.0,0.0,50.0
2024-08-05,0.0,0.0,50.0
2024-08-06,0.0,0.0,50.0
2024-08-07,0.0,0.0,50.0
2024-08-08,0.0,0.0,50.0
2024-08-09,0.0,0.0,50.0
2024-08-12,0.0,0.0,50.0
2024-08-13,0.0,0.0,50.0
2024-08-14,0.0,0.0,50.0
2024-08-15,0.0,0.0,50.0
2024-08-16,0.0,0.0,50.0
2024-08-19,0.0,0.0,50.0
2024-08-20,0.0,0.0,50.0
2024-08-21,0.0,0.0,50.0
2024-08-22,0.0,0.0,50.0
2024-08-23,0.0,0.0,50.0
2024-08-26,0.0,0.0,50.0
2024-08-27,0.0,0.0,50.0
2024-08-28,0.0,0.0,50.0
2024-08-29,0.0,0.0,50.0
2024-08-30,0.0,0.0,50.0
2024-09-02,0.0,0.0,50.0
2024-09-03,0.0,0.0,50.0
2024-09-04,0.0,0.0,50.0
2024-09-05,0.0,0.0,50.0
2024-09-06,0.0,0.0,50.0
2024-09-09,0.0,0.0,50.0
2024-09-10,0.0,0.0,50.0
2024-09-11,0.0,0.0,50.0
2024-09-12,0.0,0.0,50.0
2024-09-13,0.0,0.0,50.0
2024-09-17,0.0,0.0,50.0
2024-09-18,0.0,0.0,50.0
2024-09-19,0.0,0.0,50.0
2024-09-20,0.0,0.0,50.0
2024-09-23,0.0,0.0,50.0
2024-09-24,0.0,0.0,50.0
2024-09-25,0.0,0.0,50.0
2024-09-26,0.0,0.0,50.0
2024-09-27,0.0,0.0,50.0
2024-09-30,0.0,0.0,50.0
2024-10-01,0.0,0.0,50.0
2024-10-02,0.0,0.0,50.0
2024-10-03,0.0,0.0,50.0
2024-10-04,0.0,0.0,50.0
2024-10-07,0.0,0.0,50.0
2024-10-08,0.0,0.0,50.0
2024-10-09,0.0,0.0,50.0
2024-10-10,0.0,0.0,50.0
2024-10-11,0.0,0.0,50.0
2024-10-14,0.0,0.0,50.0
2024-10-15,0.0,0.0,50.0
2024-10-16,0.0,0.0,50.0
2024-10-17,0.0,0.0,50.0
2024-10-18,0.0,0.0,50.0
2024-10-21,0.0,0.0,50.0
2024-10-22,0.0,0.0,50.0
2024-10-23,0.0,0.0,50.0
2024-10-24,0.0,0.0,50.0
2024-10-25,0.0,0.0,50.0
2024-10-28,0.0,0.0,50.0
2024-10-29,0.0,0.0,50.0
2024-10-30,0.0,0.0,50.0
2024-10-31,0.0,0.0,50.0
2024-11-01,0.0,0.0,50.0
2024-11-04,0.0,0.0,50.0
2024-11-05,0.0,0.0,50.0
2024-11-06,0.0,0.0,50.0
2024-11-07,0.0,0.0,50.0
2024-11-08,0.0,0.0,50.0
2024-11-11,0.0,0.0,50.0
2024-11-12,0.0,0.0,50.0
2024-11-13,0.0,0.0,50.0
2024-11-14,0.0,0.0,50.0
2024-11-15,0.0,0.0,50.0
2024-11-18,0.0,0.0,50.0
2024-11-19,0.0,0.0,50.0
2024-11-20,0.0,0.0,50.0
2024-11-21,0.0,0.0,50.0
2024-11-22,0.0,0.0,50.0
2024-11-25,0.0,0.0,50.0
2024-11-26,0.0,0.0,50.0
2024-11-28,0.0,0.0,50.0
2024-11-29,0.0,0.0,50.0
2024-12-02,0.0,0.0,50.0
2024-12-03,0.0,0.0,50.0
2024-12-04,0.0,0.0,50.0
2024-12-05,0.0,0.0,50.0
2024-12-06,0.0,0.0,50.0
